datetime,temp
2011-02-25,-3.6
2011-02-26,-0.9
2011-02-27,-1.4
2011-02-28,-1.6
2011-03-01,0.5
2011-03-02,0.0
2011-03-03,0.9
2011-03-04,2.2
2011-03-05,1.3
2011-03-06,1.6
2011-03-07,-0.3
2011-03-08,-1.5
2011-03-09,-0.4
2011-03-10,1.3
2011-03-11,6.6
2011-03-12,7.9
2011-03-13,10.2
2011-03-14,12.3
2011-03-15,12.1
2011-03-16,12.7
2011-03-17,11.8
2011-03-18,7.4
2011-03-19,4.1
2011-03-20,4.9
2011-03-21,5.6
2011-03-22,6.3
2011-03-23,9.1
2011-03-24,10.3
2011-03-25,11.7
2011-03-26,11.3
2011-03-27,6.3
2011-03-28,7.5
2011-03-29,8.3
2011-03-30,9.7
2011-03-31,11.2
2011-04-01,11.4
2011-04-02,12.9
2011-04-03,13.3
2011-04-04,12.8
2011-04-05,11.8
2011-04-06,12.8
2011-04-07,18.3
2011-04-08,14.4
2011-04-09,13.6
2011-04-10,10.8
2011-04-11,10.8
2011-04-12,13.4
2011-04-13,8.5
2011-04-14,7.2
2011-04-15,9.2
2011-04-16,10.5
2011-04-17,10.6
2011-04-18,12.3
2011-04-19,14.5
2011-04-20,14.9
2011-04-21,15.0
2011-04-22,16.6
2011-04-23,16.3
2011-04-24,12.7
2011-04-25,13.1
2011-04-26,15.4
2011-04-27,14.8
2011-04-28,14.9
2011-04-29,15.8
2011-04-30,15.6
2011-05-01,12.7
2011-05-02,14.0
2011-05-03,12.4
2011-05-04,8.4
2011-05-05,9.8
2011-05-06,9.8
2011-05-07,12.0
2011-05-08,9.8
2011-05-09,14.9
2011-05-10,17.8
2011-05-11,19.1
2011-05-12,18.3
2011-05-13,17.7
2011-05-14,16.7
2011-05-15,13.9
2011-05-16,11.9
2011-05-17,15.3
2011-05-18,17.5
2011-05-19,19.6
2011-05-20,21.0
2011-05-21,21.1
2011-05-22,21.0
2011-05-23,20.2
2011-05-24,21.6
2011-05-25,20.5
2011-05-26,18.6
2011-05-27,21.6
2011-05-28,15.8
2011-05-29,17.2
2011-05-30,19.8
2011-05-31,21.2
2011-06-01,20.9
2011-06-02,21.1
2011-06-03,23.1
2011-06-04,23.1
2011-06-05,22.3
2011-06-06,21.1
2011-06-07,21.8
2011-06-08,21.7
2011-06-09,18.4
2011-06-10,17.7
2011-06-11,18.2
2011-06-12,19.6
2011-06-13,20.3
2011-06-14,19.3
2011-06-15,20.2
2011-06-16,22.1
2011-06-17,22.6
2011-06-18,23.5
2011-06-19,16.2
2011-06-20,17.0
2011-06-21,21.4
2011-06-22,24.8
2011-06-23,24.8
2011-06-24,19.3
2011-06-25,17.7
2011-06-26,16.8
2011-06-27,19.2
2011-06-28,19.4
2011-06-29,20.9
2011-06-30,18.6
2011-07-01,15.3
2011-07-02,15.0
2011-07-03,13.9
2011-07-04,17.8
2011-07-05,20.4
2011-07-06,20.3
2011-07-07,23.7
2011-07-08,26.1
2011-07-09,27.3
2011-07-10,29.1
2011-07-11,26.2
2011-07-12,24.6
2011-07-13,25.3
2011-07-14,28.1
2011-07-15,23.4
2011-07-16,22.2
2011-07-17,24.0
2011-07-18,23.5
2011-07-19,24.5
2011-07-20,19.8
2011-07-21,15.9
2011-07-22,17.1
2011-07-23,16.6
2011-07-24,17.8
2011-07-25,15.8
2011-07-26,16.6
2011-07-27,19.0
2011-07-28,17.6
2011-07-29,19.3
2011-07-30,19.0
2011-07-31,16.1
2011-08-01,18.0
2011-08-02,21.2
2011-08-03,21.6
2011-08-04,18.9
2011-08-05,21.5
2011-08-06,22.0
2011-08-07,24.0
2011-08-08,21.2
2011-08-09,19.6
2011-08-10,17.3
2011-08-11,16.9
2011-08-12,19.3
2011-08-13,20.9
2011-08-14,21.9
2011-08-15,24.3
2011-08-16,22.5
2011-08-17,22.3
2011-08-18,23.2
2011-08-19,25.6
2011-08-20,23.2
2011-08-21,21.9
2011-08-22,24.3
2011-08-23,27.1
2011-08-24,27.7
2011-08-25,28.5
2011-08-26,28.3
2011-08-27,26.0
2011-08-28,20.1
2011-08-29,21.4
2011-08-30,22.7
2011-08-31,20.6
2011-09-01,21.9
2011-09-02,22.1
2011-09-03,22.2
2011-09-04,23.5
2011-09-05,24.5
2011-09-06,20.9
2011-09-07,18.9
2011-09-08,17.8
2011-09-09,17.9
2011-09-10,19.5
2011-09-11,23.1
2011-09-12,22.5
2011-09-13,22.6
2011-09-14,22.1
2011-09-15,19.2
2011-09-16,16.2
2011-09-17,18.6
2011-09-18,21.5
2011-09-19,20.8
2011-09-20,15.5
2011-09-21,18.6
2011-09-22,18.1
2011-09-23,17.5
2011-09-24,15.8
2011-09-25,15.8
2011-09-26,16.8
2011-09-27,17.5
2011-09-28,18.6
2011-09-29,16.9
2011-09-30,18.5
2011-10-01,18.3
2011-10-02,17.7
2011-10-03,16.0
2011-10-04,16.3
2011-10-05,17.6
2011-10-06,16.9
2011-10-07,11.7
2011-10-08,9.7
2011-10-09,8.6
2011-10-10,8.5
2011-10-11,13.4
2011-10-12,14.6
2011-10-13,11.5
2011-10-14,7.4
2011-10-15,6.4
2011-10-16,5.9
2011-10-17,4.6
2011-10-18,4.7
2011-10-19,8.7
2011-10-20,10.1
2011-10-21,7.7
2011-10-22,6.1
2011-10-23,8.2
2011-10-24,9.5
2011-10-25,9.9
2011-10-26,11.3
2011-10-27,10.9
2011-10-28,8.6
2011-10-29,9.1
2011-10-30,8.3
2011-10-31,8.4
2011-11-01,7.4
2011-11-02,7.2
2011-11-03,5.3
2011-11-04,7.7
2011-11-05,11.4
2011-11-06,9.8
2011-11-07,9.6
2011-11-08,8.4
2011-11-09,7.8
2011-11-10,4.7
2011-11-11,2.4
2011-11-12,1.2
2011-11-13,0.8
2011-11-14,0.7
2011-11-15,0.6
2011-11-16,-0.7
2011-11-17,0.0
2011-11-18,-0.8
2011-11-19,1.8
2011-11-20,1.2
2011-11-21,0.0
2011-11-22,-1.4
2011-11-23,-1.4
2011-11-24,-2.6
2011-11-25,-1.4
2011-11-26,0.6
2011-11-27,0.9
2011-11-28,3.7
2011-11-29,-0.1
2011-11-30,0.4
2011-12-01,0.0
2011-12-02,-2.3
2011-12-03,-0.4
2011-12-04,4.5
2011-12-05,8.3
2011-12-06,2.5
2011-12-07,2.3
2011-12-08,5.6
2011-12-09,3.1
2011-12-10,5.2
2011-12-11,4.3
2011-12-12,4.0
2011-12-13,5.2
2011-12-14,4.8
2011-12-15,5.8
2011-12-16,5.6
2011-12-17,5.1
2011-12-18,2.5
2011-12-19,0.4
2011-12-20,-0.1
2011-12-21,-2.9
2011-12-22,-0.1
2011-12-23,-2.0
2011-12-24,-0.5
2011-12-25,2.7
2011-12-26,-0.3
2011-12-27,3.2
2011-12-28,3.4
2011-12-29,2.4
2011-12-30,0.6
2011-12-31,1.8
2012-01-01,-1.4
2012-01-02,3.1
2012-01-03,4.2
2012-01-04,3.5
2012-01-05,3.6
2012-01-06,4.6
2012-01-07,2.8
2012-01-08,3.2
2012-01-09,2.9
2012-01-10,1.2
2012-01-11,4.0
2012-01-12,6.0
2012-01-13,3.9
2012-01-14,2.2
2012-01-15,-0.3
2012-01-16,-2.4
2012-01-17,-1.2
2012-01-18,-1.0
2012-01-19,0.5
2012-01-20,3.7
2012-01-21,2.0
2012-01-22,4.8
2012-01-23,5.6
2012-01-24,3.0
2012-01-25,1.0
2012-01-26,-1.3
2012-01-27,-2.1
2012-01-28,-3.2
2012-01-29,-2.4
2012-01-30,-3.3
2012-01-31,-5.3
2012-02-01,-6.1
2012-02-02,-9.5
2012-02-03,-9.9
2012-02-04,-7.7
2012-02-05,-11.5
2012-02-06,-12.8
2012-02-07,-6.9
2012-02-08,-11.0
2012-02-09,-10.8
2012-02-10,-11.4
2012-02-11,-10.0
2012-02-12,-7.2
2012-02-13,-5.5
2012-02-14,-6.6
2012-02-15,-2.4
2012-02-16,0.2
2012-02-17,-0.5
2012-02-18,3.5
2012-02-19,0.6
2012-02-20,2.6
2012-02-21,-0.1
2012-02-22,0.8
2012-02-23,1.3
2012-02-24,8.7
2012-02-25,8.9
2012-02-26,5.5
2012-02-27,1.0
2012-02-28,-0.6
2012-02-29,9.1
2012-03-01,6.7
2012-03-02,9.8
2012-03-03,5.4
2012-03-04,2.7
2012-03-05,1.6
2012-03-06,-0.4
2012-03-07,-1.3
2012-03-08,0.0
2012-03-09,2.4
2012-03-10,3.7
2012-03-11,5.3
2012-03-12,6.7
2012-03-13,7.4
2012-03-14,8.2
2012-03-15,8.0
2012-03-16,7.5
2012-03-17,11.7
2012-03-18,13.0
2012-03-19,12.4
2012-03-20,9.7
2012-03-21,10.4
2012-03-22,11.7
2012-03-23,13.0
2012-03-24,13.4
2012-03-25,13.7
2012-03-26,11.8
2012-03-27,9.4
2012-03-28,14.0
2012-03-29,13.5
2012-03-30,9.5
2012-03-31,10.9
2012-04-01,5.2
2012-04-02,7.6
2012-04-03,11.8
2012-04-04,15.3
2012-04-05,16.2
2012-04-06,13.7
2012-04-07,10.0
2012-04-08,5.7
2012-04-09,3.7
2012-04-10,5.0
2012-04-11,10.9
2012-04-12,9.9
2012-04-13,10.7
2012-04-14,11.3
2012-04-15,13.0
2012-04-16,9.9
2012-04-17,8.9
2012-04-18,9.9
2012-04-19,11.3
2012-04-20,12.8
2012-04-21,12.4
2012-04-22,11.8
2012-04-23,12.1
2012-04-24,14.1
2012-04-25,13.3
2012-04-26,14.8
2012-04-27,18.1
2012-04-28,21.4
2012-04-29,21.4
2012-04-30,21.9
2012-05-01,22.9
2012-05-02,22.8
2012-05-03,21.4
2012-05-04,17.9
2012-05-05,17.8
2012-05-06,18.2
2012-05-07,14.8
2012-05-08,15.4
2012-05-09,15.9
2012-05-10,18.8
2012-05-11,20.7
2012-05-12,20.2
2012-05-13,12.0
2012-05-14,10.9
2012-05-15,12.7
2012-05-16,13.9
2012-05-17,12.7
2012-05-18,12.5
2012-05-19,15.1
2012-05-20,19.2
2012-05-21,21.5
2012-05-22,18.8
2012-05-23,20.2
2012-05-24,21.4
2012-05-25,18.9
2012-05-26,17.1
2012-05-27,17.3
2012-05-28,14.4
2012-05-29,15.5
2012-05-30,19.0
2012-05-31,20.1
2012-06-01,16.8
2012-06-02,14.6
2012-06-03,21.1
2012-06-04,22.3
2012-06-05,16.0
2012-06-06,16.4
2012-06-07,20.8
2012-06-08,23.0
2012-06-09,22.8
2012-06-10,20.0
2012-06-11,18.5
2012-06-12,17.5
2012-06-13,16.2
2012-06-14,17.7
2012-06-15,19.5
2012-06-16,22.8
2012-06-17,25.0
2012-06-18,26.6
2012-06-19,26.7
2012-06-20,27.9
2012-06-21,27.5
2012-06-22,24.2
2012-06-23,23.8
2012-06-24,23.6
2012-06-25,19.1
2012-06-26,18.9
2012-06-27,18.9
2012-06-28,20.9
2012-06-29,24.0
2012-06-30,27.9
2012-07-01,29.6
2012-07-02,29.6
2012-07-03,29.3
2012-07-04,28.6
2012-07-05,29.0
2012-07-06,28.9
2012-07-07,27.2
2012-07-08,28.6
2012-07-09,27.0
2012-07-10,25.2
2012-07-11,26.0
2012-07-12,21.6
2012-07-13,20.4
2012-07-14,20.8
2012-07-15,18.5
2012-07-16,18.3
2012-07-17,18.7
2012-07-18,20.5
2012-07-19,23.5
2012-07-20,21.9
2012-07-21,19.0
2012-07-22,19.5
2012-07-23,22.1
2012-07-24,22.8
2012-07-25,22.0
2012-07-26,21.3
2012-07-27,23.8
2012-07-28,26.0
2012-07-29,24.8
2012-07-30,22.8
2012-07-31,23.0
2012-08-01,24.4
2012-08-02,25.7
2012-08-03,26.3
2012-08-04,26.1
2012-08-05,27.8
2012-08-06,29.2
2012-08-07,24.2
2012-08-08,22.3
2012-08-09,22.0
2012-08-10,20.4
2012-08-11,17.2
2012-08-12,17.5
2012-08-13,18.2
2012-08-14,18.3
2012-08-15,19.6
2012-08-16,21.0
2012-08-17,22.0
2012-08-18,22.6
2012-08-19,23.4
2012-08-20,25.0
2012-08-21,26.4
2012-08-22,27.5
2012-08-23,27.5
2012-08-24,27.2
2012-08-25,26.6
2012-08-26,22.7
2012-08-27,20.3
2012-08-28,18.2
2012-08-29,20.3
2012-08-30,22.9
2012-08-31,23.8
2012-09-01,20.8
2012-09-02,23.3
2012-09-03,24.4
2012-09-04,23.8
2012-09-05,23.3
2012-09-06,21.3
2012-09-07,16.5
2012-09-08,20.3
2012-09-09,21.1
2012-09-10,21.5
2012-09-11,21.6
2012-09-12,20.9
2012-09-13,13.5
2012-09-14,14.1
2012-09-15,16.7
2012-09-16,15.9
2012-09-17,16.3
2012-09-18,19.5
2012-09-19,18.1
2012-09-20,11.7
2012-09-21,11.2
2012-09-22,13.1
2012-09-23,15.6
2012-09-24,17.9
2012-09-25,18.9
2012-09-26,20.3
2012-09-27,21.5
2012-09-28,17.5
2012-09-29,18.9
2012-09-30,19.1
2012-10-01,18.6
2012-10-02,17.0
2012-10-03,15.6
2012-10-04,14.5
2012-10-05,15.0
2012-10-06,15.3
2012-10-07,14.6
2012-10-08,9.9
2012-10-09,9.5
2012-10-10,11.3
2012-10-11,9.2
2012-10-12,10.5
2012-10-13,12.7
2012-10-14,12.2
2012-10-15,15.0
2012-10-16,12.6
2012-10-17,10.9
2012-10-18,12.9
2012-10-19,13.0
2012-10-20,13.9
2012-10-21,13.6
2012-10-22,12.2
2012-10-23,11.9
2012-10-24,8.6
2012-10-25,9.2
2012-10-26,9.0
2012-10-27,10.5
2012-10-28,3.4
2012-10-29,2.6
2012-10-30,3.2
2012-10-31,3.3
2012-11-01,6.5
2012-11-02,8.6
2012-11-03,5.6
2012-11-04,12.8
2012-11-05,11.2
2012-11-06,7.6
2012-11-07,6.3
2012-11-08,8.8
2012-11-09,7.1
2012-11-10,4.2
2012-11-11,7.9
2012-11-12,8.6
2012-11-13,9.3
2012-11-14,5.5
2012-11-15,4.7
2012-11-16,6.9
2012-11-17,5.3
2012-11-18,6.7
2012-11-19,7.5
2012-11-20,4.8
2012-11-21,6.0
2012-11-22,7.1
2012-11-23,7.1
2012-11-24,7.5
2012-11-25,5.8
2012-11-26,6.7
2012-11-27,10.1
2012-11-28,8.8
2012-11-29,10.2
2012-11-30,5.2
2012-12-01,2.7
2012-12-02,1.6
2012-12-03,1.2
2012-12-04,-0.6
2012-12-05,0.0
2012-12-06,-4.9
2012-12-07,-3.1
2012-12-08,-3.9
2012-12-09,-3.9
2012-12-10,-3.9
2012-12-11,-3.5
2012-12-12,-3.5
2012-12-13,-5.2
2012-12-14,-2.5
2012-12-15,1.0
2012-12-16,1.2
2012-12-17,1.3
2012-12-18,2.5
2012-12-19,3.1
2012-12-20,0.0
2012-12-21,-4.7
2012-12-22,-2.9
2012-12-23,-1.8
2012-12-24,-0.4
2012-12-25,0.5
2012-12-26,2.7
2012-12-27,4.4
2012-12-28,3.4
2012-12-29,-1.2
2012-12-30,-2.4
2012-12-31,-3.2
2013-01-01,-3.3
2013-01-02,-1.3
2013-01-03,1.2
2013-01-04,7.3
2013-01-05,7.2
2013-01-06,1.7
2013-01-07,-0.3
2013-01-08,-4.7
2013-01-09,-2.5
2013-01-10,-2.8
2013-01-11,0.0
2013-01-12,-2.0
2013-01-13,-2.5
2013-01-14,-0.6
2013-01-15,1.3
2013-01-16,1.6
2013-01-17,1.3
2013-01-18,0.2
2013-01-19,-2.7
2013-01-20,0.0
2013-01-21,2.9
2013-01-22,0.3
2013-01-23,-1.0
2013-01-24,-0.4
2013-01-25,-1.3
2013-01-26,-2.4
2013-01-27,-3.9
2013-01-28,-1.0
2013-01-29,-1.2
2013-01-30,3.4
2013-01-31,7.2
2013-02-01,6.7
2013-02-02,5.8
2013-02-03,1.7
2013-02-04,0.7
2013-02-05,3.0
2013-02-06,2.6
2013-02-07,0.5
2013-02-08,-0.5
2013-02-09,-2.4
2013-02-10,-2.2
2013-02-11,-3.6
2013-02-12,-0.5
2013-02-13,3.4
2013-02-14,2.6
2013-02-15,3.8
2013-02-16,2.9
2013-02-17,1.3
2013-02-18,1.5
2013-02-19,0.5
2013-02-20,1.1
2013-02-21,-0.9
2013-02-22,-0.6
2013-02-23,2.6
2013-02-24,6.1
2013-02-25,7.6
2013-02-26,8.4
2013-02-27,6.5
2013-02-28,6.0
2013-03-01,2.3
2013-03-02,3.6
2013-03-03,2.7
2013-03-04,2.9
2013-03-05,4.3
2013-03-06,6.7
2013-03-07,9.9
2013-03-08,10.3
2013-03-09,10.0
2013-03-10,9.9
2013-03-11,8.8
2013-03-12,7.9
2013-03-13,8.2
2013-03-14,2.8
2013-03-15,-2.4
2013-03-16,-1.6
2013-03-17,-2.3
2013-03-18,1.0
2013-03-19,6.1
2013-03-20,7.7
2013-03-21,6.2
2013-03-22,2.6
2013-03-23,-1.1
2013-03-24,-2.3
2013-03-25,-0.9
2013-03-26,-1.5
2013-03-27,-1.1
2013-03-28,0.6
2013-03-29,1.7
2013-03-30,4.1
2013-03-31,5.6
2013-04-01,2.9
2013-04-02,3.7
2013-04-03,5.0
2013-04-04,4.4
2013-04-05,4.5
2013-04-06,6.3
2013-04-07,5.1
2013-04-08,6.0
2013-04-09,7.7
2013-04-10,9.5
2013-04-11,11.3
2013-04-12,13.6
2013-04-13,11.6
2013-04-14,11.7
2013-04-15,11.2
2013-04-16,12.6
2013-04-17,14.1
2013-04-18,16.1
2013-04-19,16.7
2013-04-20,16.6
2013-04-21,16.5
2013-04-22,16.8
2013-04-23,16.5
2013-04-24,17.2
2013-04-25,18.0
2013-04-26,19.6
2013-04-27,20.9
2013-04-28,19.8
2013-04-29,20.4
2013-04-30,21.7
2013-05-01,22.0
2013-05-02,21.2
2013-05-03,18.9
2013-05-04,16.6
2013-05-05,18.3
2013-05-06,19.0
2013-05-07,18.3
2013-05-08,19.1
2013-05-09,19.5
2013-05-10,19.5
2013-05-11,18.1
2013-05-12,14.7
2013-05-13,13.5
2013-05-14,13.5
2013-05-15,16.0
2013-05-16,18.1
2013-05-17,18.0
2013-05-18,17.3
2013-05-19,20.1
2013-05-20,16.9
2013-05-21,16.3
2013-05-22,15.1
2013-05-23,14.0
2013-05-24,14.0
2013-05-25,13.4
2013-05-26,12.7
2013-05-27,11.3
2013-05-28,14.3
2013-05-29,17.4
2013-05-30,15.1
2013-05-31,13.2
2013-06-01,12.9
2013-06-02,14.6
2013-06-03,13.6
2013-06-04,14.2
2013-06-05,15.5
2013-06-06,16.5
2013-06-07,19.3
2013-06-08,20.6
2013-06-09,21.5
2013-06-10,20.4
2013-06-11,17.1
2013-06-12,18.4
2013-06-13,21.0
2013-06-14,22.1
2013-06-15,23.3
2013-06-16,24.3
2013-06-17,26.3
2013-06-18,27.8
2013-06-19,28.6
2013-06-20,29.1
2013-06-21,28.4
2013-06-22,27.3
2013-06-23,23.8
2013-06-24,19.6
2013-06-25,14.5
2013-06-26,14.8
2013-06-27,15.2
2013-06-28,16.3
2013-06-29,18.0
2013-06-30,18.0
2013-07-01,17.7
2013-07-02,19.8
2013-07-03,22.0
2013-07-04,23.7
2013-07-05,24.1
2013-07-06,24.3
2013-07-07,24.9
2013-07-08,24.3
2013-07-09,24.1
2013-07-10,24.5
2013-07-11,21.8
2013-07-12,19.5
2013-07-13,20.3
2013-07-14,21.5
2013-07-15,21.2
2013-07-16,20.7
2013-07-17,22.2
2013-07-18,23.8
2013-07-19,24.5
2013-07-20,24.3
2013-07-21,22.3
2013-07-22,22.8
2013-07-23,24.6
2013-07-24,25.1
2013-07-25,23.1
2013-07-26,25.2
2013-07-27,26.8
2013-07-28,29.0
2013-07-29,30.2
2013-07-30,24.1
2013-07-31,24.1
2013-08-01,25.3
2013-08-02,26.0
2013-08-03,27.9
2013-08-04,28.0
2013-08-05,27.9
2013-08-06,28.4
2013-08-07,29.4
2013-08-08,30.4
2013-08-09,29.9
2013-08-10,22.0
2013-08-11,23.2
2013-08-12,23.7
2013-08-13,23.7
2013-08-14,20.5
2013-08-15,19.1
2013-08-16,20.4
2013-08-17,21.7
2013-08-18,23.8
2013-08-19,25.7
2013-08-20,22.0
2013-08-21,20.7
2013-08-22,20.5
2013-08-23,21.5
2013-08-24,21.2
2013-08-25,21.0
2013-08-26,18.2
2013-08-27,18.9
2013-08-28,18.3
2013-08-29,18.8
2013-08-30,18.7
2013-08-31,18.9
2013-09-01,18.7
2013-09-02,16.3
2013-09-03,18.8
2013-09-04,17.0
2013-09-05,17.3
2013-09-06,18.2
2013-09-07,18.3
2013-09-08,18.5
2013-09-09,15.6
2013-09-10,15.5
2013-09-11,15.0
2013-09-12,15.1
2013-09-13,14.5
2013-09-14,13.1
2013-09-15,15.8
2013-09-16,17.7
2013-09-17,13.3
2013-09-18,11.9
2013-09-19,13.8
2013-09-20,13.3
2013-09-21,14.7
2013-09-22,13.0
2013-09-23,15.3
2013-09-24,16.7
2013-09-25,14.3
2013-09-26,15.5
2013-09-27,11.2
2013-09-28,10.5
2013-09-29,11.7
2013-09-30,12.4
2013-10-01,11.9
2013-10-02,10.0
2013-10-03,6.3
2013-10-04,4.8
2013-10-05,6.0
2013-10-06,9.7
2013-10-07,13.4
2013-10-08,12.6
2013-10-09,12.3
2013-10-10,12.1
2013-10-11,16.2
2013-10-12,17.4
2013-10-13,15.2
2013-10-14,12.5
2013-10-15,13.0
2013-10-16,9.6
2013-10-17,11.7
2013-10-18,11.7
2013-10-19,9.1
2013-10-20,13.3
2013-10-21,14.8
2013-10-22,14.7
2013-10-23,19.3
2013-10-24,16.8
2013-10-25,16.5
2013-10-26,15.1
2013-10-27,14.5
2013-10-28,17.2
2013-10-29,15.4
2013-10-30,12.8
2013-10-31,9.7
2013-11-01,11.3
2013-11-02,13.0
2013-11-03,12.3
2013-11-04,9.8
2013-11-05,10.3
2013-11-06,8.4
2013-11-07,10.8
2013-11-08,10.3
2013-11-09,12.3
2013-11-10,9.6
2013-11-11,9.6
2013-11-12,10.0
2013-11-13,8.7
2013-11-14,7.3
2013-11-15,7.9
2013-11-16,7.1
2013-11-17,4.7
2013-11-18,5.6
2013-11-19,5.7
2013-11-20,8.5
2013-11-21,6.0
2013-11-22,8.6
2013-11-23,9.8
2013-11-24,7.9
2013-11-25,3.1
2013-11-26,1.9
2013-11-27,0.7
2013-11-28,-0.5
2013-11-29,3.5
2013-11-30,1.5
2013-12-01,1.0
2013-12-02,3.3
2013-12-03,0.0
2013-12-04,-3.8
2013-12-05,2.4
2013-12-06,2.9
2013-12-07,2.2
2013-12-08,3.4
2013-12-09,5.9
2013-12-10,2.4
2013-12-11,-1.4
2013-12-12,0.7
2013-12-13,0.3
2013-12-14,-0.5
2013-12-15,0.9
2013-12-16,0.3
2013-12-17,-0.2
2013-12-18,-1.7
2013-12-19,-1.7
2013-12-20,-1.7
2013-12-21,1.1
2013-12-22,0.1
2013-12-23,2.6
2013-12-24,3.3
2013-12-25,6.2
2013-12-26,6.0
2013-12-27,7.5
2013-12-28,4.7
2013-12-29,3.9
2013-12-30,5.9
2013-12-31,3.0
2014-01-01,2.4
2014-01-02,3.6
2014-01-03,1.6
2014-01-04,5.0
2014-01-05,7.7
2014-01-06,7.1
2014-01-07,4.5
2014-01-08,4.8
2014-01-09,3.5
2014-01-10,4.4
2014-01-11,4.0
2014-01-12,4.8
2014-01-13,1.8
2014-01-14,4.6
2014-01-15,3.8
2014-01-16,1.8
2014-01-17,6.3
2014-01-18,7.7
2014-01-19,7.0
2014-01-20,8.9
2014-01-21,6.5
2014-01-22,2.9
2014-01-23,0.5
2014-01-24,-1.0
2014-01-25,-2.1
2014-01-26,-5.7
2014-01-27,-6.3
2014-01-28,-2.2
2014-01-29,-2.3
2014-01-30,-1.4
2014-01-31,-1.4
2014-02-01,-2.4
2014-02-02,0.0
2014-02-03,0.0
2014-02-04,-1.6
2014-02-05,-0.9
2014-02-06,1.2
2014-02-07,1.8
2014-02-08,4.4
2014-02-09,6.4
2014-02-10,5.6
2014-02-11,5.8
2014-02-12,5.7
2014-02-13,4.9
2014-02-14,5.0
2014-02-15,4.6
2014-02-16,6.7
2014-02-17,6.0
2014-02-18,4.5
2014-02-19,7.3
2014-02-20,7.1
2014-02-21,5.0
2014-02-22,7.1
2014-02-23,8.3
2014-02-24,7.1
2014-02-25,6.3
2014-02-26,6.3
2014-02-27,7.9
2014-02-28,6.1
2014-03-01,6.4
2014-03-02,7.8
2014-03-03,5.8
2014-03-04,7.5
2014-03-05,8.7
2014-03-06,9.4
2014-03-07,7.6
2014-03-08,9.5
2014-03-09,7.8
2014-03-10,7.7
2014-03-11,8.0
2014-03-12,8.8
2014-03-13,8.9
2014-03-14,9.3
2014-03-15,7.8
2014-03-16,9.9
2014-03-17,13.1
2014-03-18,12.4
2014-03-19,11.9
2014-03-20,13.4
2014-03-21,12.5
2014-03-22,13.8
2014-03-23,13.8
2014-03-24,7.7
2014-03-25,6.8
2014-03-26,7.3
2014-03-27,10.1
2014-03-28,12.7
2014-03-29,13.8
2014-03-30,12.5
2014-03-31,12.8
2014-04-01,13.9
2014-04-02,12.2
2014-04-03,14.2
2014-04-04,13.2
2014-04-05,14.7
2014-04-06,12.9
2014-04-07,13.4
2014-04-08,14.9
2014-04-09,11.8
2014-04-10,7.8
2014-04-11,10.4
2014-04-12,9.6
2014-04-13,11.0
2014-04-14,11.0
2014-04-15,7.9
2014-04-16,8.8
2014-04-17,10.5
2014-04-18,14.4
2014-04-19,14.7
2014-04-20,12.5
2014-04-21,13.7
2014-04-22,13.9
2014-04-23,15.3
2014-04-24,17.3
2014-04-25,14.6
2014-04-26,14.7
2014-04-27,16.3
2014-04-28,15.8
2014-04-29,16.6
2014-04-30,16.0
2014-05-01,15.6
2014-05-02,15.4
2014-05-03,14.5
2014-05-04,11.6
2014-05-05,10.8
2014-05-06,12.2
2014-05-07,15.3
2014-05-08,15.8
2014-05-09,16.0
2014-05-10,16.9
2014-05-11,13.9
2014-05-12,13.0
2014-05-13,11.6
2014-05-14,11.8
2014-05-15,11.7
2014-05-16,13.2
2014-05-17,13.2
2014-05-18,13.0
2014-05-19,17.0
2014-05-20,18.6
2014-05-21,20.5
2014-05-22,22.2
2014-05-23,22.8
2014-05-24,21.8
2014-05-25,20.4
2014-05-26,21.0
2014-05-27,20.0
2014-05-28,17.8
2014-05-29,16.2
2014-05-30,12.4
2014-05-31,13.6
2014-06-01,15.3
2014-06-02,15.7
2014-06-03,16.0
2014-06-04,17.3
2014-06-05,19.5
2014-06-06,21.7
2014-06-07,22.6
2014-06-08,24.1
2014-06-09,25.8
2014-06-10,27.1
2014-06-11,26.7
2014-06-12,25.4
2014-06-13,22.8
2014-06-14,19.9
2014-06-15,18.9
2014-06-16,18.3
2014-06-17,19.3
2014-06-18,20.0
2014-06-19,20.8
2014-06-20,19.5
2014-06-21,18.1
2014-06-22,19.4
2014-06-23,22.0
2014-06-24,18.6
2014-06-25,17.2
2014-06-26,17.3
2014-06-27,18.1
2014-06-28,20.6
2014-06-29,23.6
2014-06-30,18.8
2014-07-01,19.2
2014-07-02,20.9
2014-07-03,20.3
2014-07-04,20.7
2014-07-05,22.7
2014-07-06,25.2
2014-07-07,26.4
2014-07-08,22.8
2014-07-09,19.5
2014-07-10,19.6
2014-07-11,18.2
2014-07-12,21.2
2014-07-13,21.4
2014-07-14,22.4
2014-07-15,23.8
2014-07-16,25.2
2014-07-17,23.7
2014-07-18,23.3
2014-07-19,25.5
2014-07-20,26.2
2014-07-21,26.5
2014-07-22,21.0
2014-07-23,21.5
2014-07-24,21.3
2014-07-25,23.1
2014-07-26,24.2
2014-07-27,22.9
2014-07-28,20.9
2014-07-29,21.3
2014-07-30,23.4
2014-07-31,22.3
2014-08-01,24.4
2014-08-02,25.1
2014-08-03,24.6
2014-08-04,21.6
2014-08-05,23.1
2014-08-06,20.6
2014-08-07,20.6
2014-08-08,22.3
2014-08-09,22.6
2014-08-10,23.9
2014-08-11,24.8
2014-08-12,22.7
2014-08-13,23.7
2014-08-14,18.2
2014-08-15,18.4
2014-08-16,17.9
2014-08-17,17.9
2014-08-18,18.3
2014-08-19,20.5
2014-08-20,18.8
2014-08-21,17.1
2014-08-22,16.8
2014-08-23,18.7
2014-08-24,17.8
2014-08-25,15.5
2014-08-26,16.2
2014-08-27,18.3
2014-08-28,15.5
2014-08-29,16.8
2014-08-30,19.0
2014-08-31,19.3
2014-09-01,17.4
2014-09-02,18.7
2014-09-03,21.8
2014-09-04,22.1
2014-09-05,21.4
2014-09-06,20.1
2014-09-07,19.6
2014-09-08,20.5
2014-09-09,19.9
2014-09-10,18.5
2014-09-11,17.4
2014-09-12,17.8
2014-09-13,17.4
2014-09-14,17.0
2014-09-15,17.3
2014-09-16,18.1
2014-09-17,16.6
2014-09-18,16.8
2014-09-19,16.6
2014-09-20,18.2
2014-09-21,19.8
2014-09-22,15.8
2014-09-23,12.5
2014-09-24,11.0
2014-09-25,12.2
2014-09-26,13.9
2014-09-27,14.4
2014-09-28,14.1
2014-09-29,14.0
2014-09-30,14.8
2014-10-01,16.3
2014-10-02,16.2
2014-10-03,14.5
2014-10-04,13.0
2014-10-05,13.2
2014-10-06,13.6
2014-10-07,13.5
2014-10-08,13.4
2014-10-09,16.2
2014-10-10,17.3
2014-10-11,17.1
2014-10-12,16.3
2014-10-13,17.6
2014-10-14,17.7
2014-10-15,14.7
2014-10-16,15.4
2014-10-17,13.8
2014-10-18,14.0
2014-10-19,12.5
2014-10-20,14.1
2014-10-21,14.9
2014-10-22,9.7
2014-10-23,9.1
2014-10-24,8.1
2014-10-25,7.3
2014-10-26,5.5
2014-10-27,6.7
2014-10-28,5.1
2014-10-29,5.5
2014-10-30,5.9
2014-10-31,4.4
2014-11-01,3.6
2014-11-02,6.2
2014-11-03,6.3
2014-11-04,10.3
2014-11-05,11.8
2014-11-06,12.2
2014-11-07,14.1
2014-11-08,13.1
2014-11-09,12.4
2014-11-10,10.4
2014-11-11,9.1
2014-11-12,9.7
2014-11-13,10.9
2014-11-14,11.0
2014-11-15,10.1
2014-11-16,7.2
2014-11-17,8.4
2014-11-18,8.8
2014-11-19,8.3
2014-11-20,7.7
2014-11-21,3.8
2014-11-22,4.5
2014-11-23,5.1
2014-11-24,4.4
2014-11-25,3.2
2014-11-26,2.4
2014-11-27,0.7
2014-11-28,0.1
2014-11-29,2.0
2014-11-30,1.5
2014-12-01,0.6
2014-12-02,1.6
2014-12-03,4.5
2014-12-04,5.6
2014-12-05,5.3
2014-12-06,6.1
2014-12-07,6.0
2014-12-08,4.7
2014-12-09,4.1
2014-12-10,2.9
2014-12-11,1.1
2014-12-12,2.4
2014-12-13,0.6
2014-12-14,1.8
2014-12-15,4.5
2014-12-16,5.1
2014-12-17,4.4
2014-12-18,3.6
2014-12-19,7.1
2014-12-20,7.6
2014-12-21,5.8
2014-12-22,3.9
2014-12-23,7.4
2014-12-24,5.0
2014-12-25,6.0
2014-12-26,1.9
2014-12-27,-3.0
2014-12-28,-1.6
2014-12-29,-4.5
2014-12-30,-7.2
2014-12-31,-9.1
2015-01-01,-4.8
2015-01-02,-1.2
2015-01-03,3.6
2015-01-04,2.1
2015-01-05,1.1
2015-01-06,-0.7
2015-01-07,-7.4
2015-01-08,-4.5
2015-01-09,1.3
2015-01-10,8.1
2015-01-11,7.5
2015-01-12,4.5
2015-01-13,2.5
2015-01-14,0.2
2015-01-15,4.2
2015-01-16,3.5
2015-01-17,3.3
2015-01-18,4.6
2015-01-19,4.1
2015-01-20,4.6
2015-01-21,5.2
2015-01-22,6.4
2015-01-23,6.6
2015-01-24,3.5
2015-01-25,0.3
2015-01-26,0.4
2015-01-27,-2.2
2015-01-28,-0.3
2015-01-29,-1.5
2015-01-30,2.0
2015-01-31,1.3
2015-02-01,-0.3
2015-02-02,1.1
2015-02-03,0.3
2015-02-04,0.6
2015-02-05,0.6
2015-02-06,1.0
2015-02-07,-0.6
2015-02-08,-0.1
2015-02-09,-1.4
2015-02-10,3.3
2015-02-11,4.1
2015-02-12,3.3
2015-02-13,0.9
2015-02-14,2.1
2015-02-15,3.1
2015-02-16,2.4
2015-02-17,-0.1
2015-02-18,-0.5
2015-02-19,-0.2
2015-02-20,0.5
2015-02-21,4.6
2015-02-22,5.7
2015-02-23,7.0
2015-02-24,7.5
2015-02-25,7.9
2015-02-26,5.5
2015-02-27,5.3
2015-02-28,6.4
2015-03-01,5.9
2015-03-02,6.7
2015-03-03,5.2
2015-03-04,3.7
2015-03-05,4.2
2015-03-06,3.9
2015-03-07,3.1
2015-03-08,3.7
2015-03-09,4.4
2015-03-10,6.8
2015-03-11,7.2
2015-03-12,5.7
2015-03-13,6.1
2015-03-14,5.3
2015-03-15,7.6
2015-03-16,9.8
2015-03-17,8.7
2015-03-18,7.0
2015-03-19,6.6
2015-03-20,5.5
2015-03-21,7.0
2015-03-22,8.0
2015-03-23,5.4
2015-03-24,8.5
2015-03-25,11.0
2015-03-26,13.1
2015-03-27,10.5
2015-03-28,9.3
2015-03-29,8.3
2015-03-30,8.9
2015-03-31,7.7
2015-04-01,7.1
2015-04-02,5.6
2015-04-03,4.8
2015-04-04,4.7
2015-04-05,5.6
2015-04-06,4.6
2015-04-07,6.8
2015-04-08,8.5
2015-04-09,9.9
2015-04-10,10.8
2015-04-11,13.7
2015-04-12,15.9
2015-04-13,14.6
2015-04-14,11.1
2015-04-15,15.0
2015-04-16,17.8
2015-04-17,16.1
2015-04-18,10.1
2015-04-19,7.4
2015-04-20,10.4
2015-04-21,12.3
2015-04-22,12.7
2015-04-23,13.7
2015-04-24,15.2
2015-04-25,15.3
2015-04-26,15.5
2015-04-27,17.2
2015-04-28,14.7
2015-04-29,10.9
2015-04-30,11.8
2015-05-01,13.4
2015-05-02,13.5
2015-05-03,11.6
2015-05-04,17.3
2015-05-05,20.5
2015-05-06,20.4
2015-05-07,18.3
2015-05-08,17.1
2015-05-09,18.0
2015-05-10,17.4
2015-05-11,15.2
2015-05-12,15.7
2015-05-13,18.8
2015-05-14,17.3
2015-05-15,13.0
2015-05-16,16.4
2015-05-17,16.4
2015-05-18,16.7
2015-05-19,20.8
2015-05-20,21.5
2015-05-21,13.1
2015-05-22,14.0
2015-05-23,15.2
2015-05-24,17.6
2015-05-25,15.4
2015-05-26,16.0
2015-05-27,13.8
2015-05-28,12.7
2015-05-29,14.6
2015-05-30,18.3
2015-05-31,18.0
2015-06-01,19.7
2015-06-02,22.3
2015-06-03,23.6
2015-06-04,24.1
2015-06-05,21.4
2015-06-06,22.0
2015-06-07,23.5
2015-06-08,24.5
2015-06-09,22.2
2015-06-10,22.3
2015-06-11,23.5
2015-06-12,24.5
2015-06-13,24.9
2015-06-14,25.1
2015-06-15,22.2
2015-06-16,20.0
2015-06-17,16.1
2015-06-18,18.3
2015-06-19,17.8
2015-06-20,17.2
2015-06-21,16.5
2015-06-22,17.8
2015-06-23,15.6
2015-06-24,15.1
2015-06-25,16.1
2015-06-26,19.3
2015-06-27,19.8
2015-06-28,19.9
2015-06-29,20.9
2015-06-30,20.9
2015-07-01,23.0
2015-07-02,23.9
2015-07-03,24.6
2015-07-04,24.9
2015-07-05,26.9
2015-07-06,27.4
2015-07-07,29.0
2015-07-08,26.6
2015-07-09,20.9
2015-07-10,18.6
2015-07-11,19.3
2015-07-12,23.0
2015-07-13,21.9
2015-07-14,22.3
2015-07-15,24.3
2015-07-16,24.7
2015-07-17,27.3
2015-07-18,26.2
2015-07-19,27.2
2015-07-20,27.0
2015-07-21,26.6
2015-07-22,29.1
2015-07-23,28.0
2015-07-24,27.4
2015-07-25,27.2
2015-07-26,21.6
2015-07-27,17.3
2015-07-28,19.0
2015-07-29,18.6
2015-07-30,18.2
2015-07-31,19.9
2015-08-01,20.5
2015-08-02,21.5
2015-08-03,24.0
2015-08-04,25.5
2015-08-05,25.1
2015-08-06,26.5
2015-08-07,27.5
2015-08-08,28.0
2015-08-09,27.6
2015-08-10,27.7
2015-08-11,27.6
2015-08-12,29.2
2015-08-13,28.4
2015-08-14,29.0
2015-08-15,28.5
2015-08-16,25.8
2015-08-17,21.8
2015-08-18,18.5
2015-08-19,17.8
2015-08-20,17.6
2015-08-21,18.8
2015-08-22,17.1
2015-08-23,18.3
2015-08-24,20.3
2015-08-25,21.1
2015-08-26,21.3
2015-08-27,21.4
2015-08-28,24.2
2015-08-29,25.2
2015-08-30,26.1
2015-08-31,26.3
2015-09-01,25.5
2015-09-02,22.7
2015-09-03,21.7
2015-09-04,20.5
2015-09-05,16.9
2015-09-06,16.1
2015-09-07,14.8
2015-09-08,13.7
2015-09-09,13.2
2015-09-10,13.5
2015-09-11,14.5
2015-09-12,16.0
2015-09-13,17.0
2015-09-14,19.9
2015-09-15,23.1
2015-09-16,23.2
2015-09-17,25.8
2015-09-18,23.5
2015-09-19,21.6
2015-09-20,18.5
2015-09-21,15.3
2015-09-22,14.4
2015-09-23,18.1
2015-09-24,18.5
2015-09-25,16.7
2015-09-26,14.6
2015-09-27,14.1
2015-09-28,13.8
2015-09-29,13.2
2015-09-30,11.9
2015-10-01,11.5
2015-10-02,11.4
2015-10-03,13.0
2015-10-04,16.2
2015-10-05,15.3
2015-10-06,13.4
2015-10-07,14.7
2015-10-08,12.3
2015-10-09,12.4
2015-10-10,11.5
2015-10-11,10.0
2015-10-12,6.4
2015-10-13,6.0
2015-10-14,9.7
2015-10-15,12.1
2015-10-16,12.5
2015-10-17,11.6
2015-10-18,9.9
2015-10-19,11.0
2015-10-20,8.8
2015-10-21,7.7
2015-10-22,5.5
2015-10-23,7.5
2015-10-24,6.5
2015-10-25,6.9
2015-10-26,9.1
2015-10-27,8.7
2015-10-28,8.7
2015-10-29,9.1
2015-10-30,7.9
2015-10-31,7.6
2015-11-01,5.0
2015-11-02,3.6
2015-11-03,3.9
2015-11-04,4.7
2015-11-05,4.7
2015-11-06,4.8
2015-11-07,6.4
2015-11-08,11.5
2015-11-09,7.8
2015-11-10,15.2
2015-11-11,15.8
2015-11-12,12.4
2015-11-13,7.6
2015-11-14,8.4
2015-11-15,7.2
2015-11-16,12.2
2015-11-17,8.8
2015-11-18,12.7
2015-11-19,10.4
2015-11-20,10.6
2015-11-21,7.5
2015-11-22,3.9
2015-11-23,3.1
2015-11-24,0.4
2015-11-25,-0.6
2015-11-26,0.9
2015-11-27,1.1
2015-11-28,2.2
2015-11-29,5.4
2015-11-30,7.4
2015-12-01,9.0
2015-12-02,7.4
2015-12-03,6.2
2015-12-04,5.1
2015-12-05,4.6
2015-12-06,4.2
2015-12-07,4.1
2015-12-08,4.6
2015-12-09,3.8
2015-12-10,4.6
2015-12-11,1.8
2015-12-12,2.0
2015-12-13,0.0
2015-12-14,0.1
2015-12-15,0.0
2015-12-16,0.9
2015-12-17,0.7
2015-12-18,2.2
2015-12-19,3.3
2015-12-20,3.2
2015-12-21,2.5
2015-12-22,3.2
2015-12-23,3.2
2015-12-24,2.9
2015-12-25,4.1
2015-12-26,2.1
2015-12-27,1.0
2015-12-28,-0.3
2015-12-29,2.7
2015-12-30,-0.4
2015-12-31,-4.4
2016-01-01,-6.0
2016-01-02,-5.8
2016-01-03,-7.4
2016-01-04,-9.0
2016-01-05,-6.0
2016-01-06,-2.3
2016-01-07,-0.2
2016-01-08,-4.1
2016-01-09,0.1
2016-01-10,1.3
2016-01-11,3.0
2016-01-12,5.7
2016-01-13,5.1
2016-01-14,3.3
2016-01-15,2.2
2016-01-16,1.0
2016-01-17,-2.2
2016-01-18,-3.9
2016-01-19,-5.5
2016-01-20,-3.0
2016-01-21,-1.6
2016-01-22,-5.6
2016-01-23,-5.8
2016-01-24,-2.1
2016-01-25,-0.7
2016-01-26,1.1
2016-01-27,1.0
2016-01-28,2.8
2016-01-29,3.3
2016-01-30,1.9
2016-01-31,5.0
2016-02-01,6.0
2016-02-02,7.4
2016-02-03,7.2
2016-02-04,4.2
2016-02-05,2.8
2016-02-06,2.4
2016-02-07,4.8
2016-02-08,6.0
2016-02-09,9.8
2016-02-10,6.4
2016-02-11,4.6
2016-02-12,3.1
2016-02-13,4.5
2016-02-14,6.8
2016-02-15,7.3
2016-02-16,6.1
2016-02-17,6.1
2016-02-18,8.0
2016-02-19,5.2
2016-02-20,4.4
2016-02-21,6.6
2016-02-22,9.6
2016-02-23,8.4
2016-02-24,5.1
2016-02-25,1.5
2016-02-26,3.1
2016-02-27,2.9
2016-02-28,6.1
2016-02-29,8.5
2016-03-01,5.0
2016-03-02,5.1
2016-03-03,5.6
2016-03-04,7.4
2016-03-05,5.7
2016-03-06,7.8
2016-03-07,6.9
2016-03-08,5.7
2016-03-09,5.4
2016-03-10,8.9
2016-03-11,10.8
2016-03-12,8.5
2016-03-13,9.0
2016-03-14,6.1
2016-03-15,2.3
2016-03-16,5.4
2016-03-17,5.7
2016-03-18,7.1
2016-03-19,7.1
2016-03-20,4.7
2016-03-21,6.4
2016-03-22,7.0
2016-03-23,5.8
2016-03-24,6.7
2016-03-25,5.0
2016-03-26,7.8
2016-03-27,7.3
2016-03-28,8.0
2016-03-29,9.3
2016-03-30,11.5
2016-03-31,14.1
2016-04-01,16.0
2016-04-02,10.0
2016-04-03,12.4
2016-04-04,16.5
2016-04-05,17.5
2016-04-06,16.2
2016-04-07,16.7
2016-04-08,15.8
2016-04-09,10.5
2016-04-10,9.9
2016-04-11,11.9
2016-04-12,13.2
2016-04-13,14.3
2016-04-14,13.6
2016-04-15,14.0
2016-04-16,16.4
2016-04-17,17.8
2016-04-18,15.9
2016-04-19,13.1
2016-04-20,11.5
2016-04-21,11.1
2016-04-22,13.5
2016-04-23,13.5
2016-04-24,9.1
2016-04-25,6.5
2016-04-26,8.0
2016-04-27,7.3
2016-04-28,7.3
2016-04-29,10.4
2016-04-30,11.9
2016-05-01,13.9
2016-05-02,14.3
2016-05-03,13.8
2016-05-04,14.5
2016-05-05,15.3
2016-05-06,16.2
2016-05-07,16.6
2016-05-08,14.9
2016-05-09,16.1
2016-05-10,13.3
2016-05-11,14.4
2016-05-12,15.0
2016-05-13,15.9
2016-05-14,14.9
2016-05-15,11.8
2016-05-16,10.5
2016-05-17,10.4
2016-05-18,12.4
2016-05-19,14.0
2016-05-20,17.0
2016-05-21,18.1
2016-05-22,19.1
2016-05-23,20.3
2016-05-24,15.9
2016-05-25,18.5
2016-05-26,19.5
2016-05-27,20.4
2016-05-28,21.7
2016-05-29,23.2
2016-05-30,21.6
2016-05-31,19.9
2016-06-01,18.5
2016-06-02,16.7
2016-06-03,19.2
2016-06-04,19.7
2016-06-05,19.5
2016-06-06,20.8
2016-06-07,18.2
2016-06-08,18.2
2016-06-09,18.7
2016-06-10,18.0
2016-06-11,17.8
2016-06-12,17.6
2016-06-13,18.3
2016-06-14,19.8
2016-06-15,17.4
2016-06-16,20.4
2016-06-17,23.2
2016-06-18,20.5
2016-06-19,21.2
2016-06-20,21.4
2016-06-21,22.3
2016-06-22,24.9
2016-06-23,26.7
2016-06-24,27.7
2016-06-25,28.0
2016-06-26,25.6
2016-06-27,21.8
2016-06-28,21.4
2016-06-29,22.5
2016-06-30,24.0
2016-07-01,25.3
2016-07-02,26.1
2016-07-03,21.9
2016-07-04,20.9
2016-07-05,21.9
2016-07-06,22.2
2016-07-07,19.7
2016-07-08,20.8
2016-07-09,23.1
2016-07-10,22.9
2016-07-11,25.4
2016-07-12,26.7
2016-07-13,25.4
2016-07-14,18.3
2016-07-15,18.3
2016-07-16,15.3
2016-07-17,15.8
2016-07-18,21.1
2016-07-19,21.5
2016-07-20,21.2
2016-07-21,22.0
2016-07-22,23.5
2016-07-23,23.6
2016-07-24,24.9
2016-07-25,23.6
2016-07-26,23.8
2016-07-27,23.3
2016-07-28,21.2
2016-07-29,23.3
2016-07-30,24.4
2016-07-31,25.2
2016-08-01,22.1
2016-08-02,21.4
2016-08-03,21.1
2016-08-04,23.1
2016-08-05,25.1
2016-08-06,20.8
2016-08-07,21.3
2016-08-08,20.4
2016-08-09,21.2
2016-08-10,18.0
2016-08-11,15.7
2016-08-12,16.1
2016-08-13,18.0
2016-08-14,20.3
2016-08-15,21.8
2016-08-16,21.1
2016-08-17,18.5
2016-08-18,18.7
2016-08-19,21.0
2016-08-20,22.5
2016-08-21,21.9
2016-08-22,16.2
2016-08-23,20.1
2016-08-24,21.0
2016-08-25,21.5
2016-08-26,21.3
2016-08-27,21.7
2016-08-28,22.2
2016-08-29,22.7
2016-08-30,22.6
2016-08-31,20.1
2016-09-01,19.5
2016-09-02,20.6
2016-09-03,21.3
2016-09-04,21.3
2016-09-05,18.0
2016-09-06,17.7
2016-09-07,21.3
2016-09-08,22.2
2016-09-09,22.9
2016-09-10,22.9
2016-09-11,23.4
2016-09-12,23.3
2016-09-13,21.5
2016-09-14,20.2
2016-09-15,20.9
2016-09-16,21.4
2016-09-17,19.2
2016-09-18,17.4
2016-09-19,17.7
2016-09-20,15.9
2016-09-21,13.6
2016-09-22,13.1
2016-09-23,12.7
2016-09-24,13.8
2016-09-25,13.5
2016-09-26,14.2
2016-09-27,14.3
2016-09-28,14.3
2016-09-29,17.1
2016-09-30,16.5
2016-10-01,16.0
2016-10-02,15.4
2016-10-03,14.9
2016-10-04,12.0
2016-10-05,8.6
2016-10-06,6.3
2016-10-07,6.1
2016-10-08,6.7
2016-10-09,8.1
2016-10-10,7.9
2016-10-11,8.0
2016-10-12,8.8
2016-10-13,8.6
2016-10-14,8.0
2016-10-15,10.4
2016-10-16,12.7
2016-10-17,9.4
2016-10-18,9.3
2016-10-19,9.5
2016-10-20,9.3
2016-10-21,8.9
2016-10-22,8.8
2016-10-23,7.0
2016-10-24,10.7
2016-10-25,13.7
2016-10-26,12.5
2016-10-27,8.0
2016-10-28,5.8
2016-10-29,10.1
2016-10-30,8.6
2016-10-31,6.6
2016-11-01,7.1
2016-11-02,7.9
2016-11-03,6.4
2016-11-04,2.0
2016-11-05,4.0
2016-11-06,12.0
2016-11-07,6.5
2016-11-08,4.8
2016-11-09,3.9
2016-11-10,1.4
2016-11-11,4.6
2016-11-12,5.1
2016-11-13,2.0
2016-11-14,2.0
2016-11-15,-0.3
2016-11-16,1.1
2016-11-17,3.6
2016-11-18,7.8
2016-11-19,11.1
2016-11-20,9.7
2016-11-21,8.1
2016-11-22,6.8
2016-11-23,5.5
2016-11-24,5.1
2016-11-25,6.8
2016-11-26,5.6
2016-11-27,7.1
2016-11-28,2.1
2016-11-29,0.3
2016-11-30,-0.1
2016-12-01,3.3
2016-12-02,5.5
2016-12-03,0.7
2016-12-04,-2.9
2016-12-05,-3.6
2016-12-06,-2.6
2016-12-07,-2.6
2016-12-08,-2.9
2016-12-09,1.1
2016-12-10,5.8
2016-12-11,4.9
2016-12-12,5.8
2016-12-13,-2.4
2016-12-14,-3.2
2016-12-15,-1.7
2016-12-16,-1.5
2016-12-17,-4.7
2016-12-18,-2.7
2016-12-19,-3.7
2016-12-20,-3.8
2016-12-21,-3.7
2016-12-22,-2.7
2016-12-23,-2.5
2016-12-24,-1.5
2016-12-25,2.1
2016-12-26,8.1
2016-12-27,5.7
2016-12-28,2.9
2016-12-29,0.1
2016-12-30,-3.6
2016-12-31,-4.8
2017-01-01,-6.7
2017-01-02,-5.6
2017-01-03,0.0
2017-01-04,0.1
2017-01-05,-0.4
2017-01-06,-7.8
2017-01-07,-12.4
2017-01-08,-12.5
2017-01-09,-8.4
2017-01-10,-9.7
2017-01-11,-8.2
2017-01-12,-4.1
2017-01-13,0.5
2017-01-14,1.6
2017-01-15,-0.4
2017-01-16,-5.5
2017-01-17,-2.3
2017-01-18,-2.7
2017-01-19,-4.9
2017-01-20,-6.9
2017-01-21,-6.7
2017-01-22,-5.6
2017-01-23,-5.6
2017-01-24,-6.0
2017-01-25,-3.8
2017-01-26,-2.6
2017-01-27,-7.3
2017-01-28,-8.4
2017-01-29,-9.0
2017-01-30,-7.6
2017-01-31,-4.7
2017-02-01,0.3
2017-02-02,2.6
2017-02-03,6.4
2017-02-04,3.2
2017-02-05,4.9
2017-02-06,4.1
2017-02-07,2.3
2017-02-08,-0.5
2017-02-09,0.0
2017-02-10,0.1
2017-02-11,-0.5
2017-02-12,-1.1
2017-02-13,-2.1
2017-02-14,-2.9
2017-02-15,-2.3
2017-02-16,-2.4
2017-02-17,-1.9
2017-02-18,0.0
2017-02-19,1.6
2017-02-20,1.6
2017-02-21,5.5
2017-02-22,7.4
2017-02-23,9.5
2017-02-24,9.2
2017-02-25,4.2
2017-02-26,3.1
2017-02-27,7.3
2017-02-28,11.6
2017-03-01,7.4
2017-03-02,6.2
2017-03-03,8.2
2017-03-04,10.8
2017-03-05,10.6
2017-03-06,7.3
2017-03-07,6.5
2017-03-08,9.2
2017-03-09,7.0
2017-03-10,5.3
2017-03-11,6.5
2017-03-12,6.1
2017-03-13,7.0
2017-03-14,6.2
2017-03-15,6.7
2017-03-16,8.6
2017-03-17,8.1
2017-03-18,8.9
2017-03-19,8.6
2017-03-20,11.3
2017-03-21,12.0
2017-03-22,15.0
2017-03-23,15.0
2017-03-24,13.3
2017-03-25,10.4
2017-03-26,8.7
2017-03-27,7.1
2017-03-28,10.7
2017-03-29,14.0
2017-03-30,15.1
2017-03-31,13.3
2017-04-01,14.5
2017-04-02,15.6
2017-04-03,16.3
2017-04-04,16.4
2017-04-05,12.0
2017-04-06,10.0
2017-04-07,7.8
2017-04-08,11.9
2017-04-09,11.5
2017-04-10,13.0
2017-04-11,11.5
2017-04-12,9.4
2017-04-13,11.3
2017-04-14,10.8
2017-04-15,10.4
2017-04-16,11.0
2017-04-17,8.1
2017-04-18,7.7
2017-04-19,2.6
2017-04-20,3.4
2017-04-21,5.7
2017-04-22,8.8
2017-04-23,8.2
2017-04-24,8.3
2017-04-25,14.2
2017-04-26,16.2
2017-04-27,14.2
2017-04-28,13.3
2017-04-29,8.8
2017-04-30,10.5
2017-05-01,11.3
2017-05-02,16.1
2017-05-03,14.4
2017-05-04,14.9
2017-05-05,14.3
2017-05-06,16.0
2017-05-07,15.6
2017-05-08,14.7
2017-05-09,10.7
2017-05-10,9.2
2017-05-11,14.2
2017-05-12,18.2
2017-05-13,17.3
2017-05-14,17.5
2017-05-15,18.3
2017-05-16,18.4
2017-05-17,18.0
2017-05-18,18.4
2017-05-19,19.6
2017-05-20,18.3
2017-05-21,19.2
2017-05-22,19.6
2017-05-23,18.7
2017-05-24,17.7
2017-05-25,15.3
2017-05-26,17.8
2017-05-27,18.7
2017-05-28,18.8
2017-05-29,20.0
2017-05-30,22.0
2017-05-31,22.8
2017-06-01,22.6
2017-06-02,20.9
2017-06-03,22.8
2017-06-04,23.0
2017-06-05,22.0
2017-06-06,22.9
2017-06-07,18.7
2017-06-08,19.2
2017-06-09,19.6
2017-06-10,19.6
2017-06-11,20.4
2017-06-12,22.4
2017-06-13,23.8
2017-06-14,20.8
2017-06-15,20.4
2017-06-16,18.7
2017-06-17,17.7
2017-06-18,19.8
2017-06-19,22.8
2017-06-20,24.3
2017-06-21,24.9
2017-06-22,25.7
2017-06-23,25.3
2017-06-24,25.7
2017-06-25,22.5
2017-06-26,22.6
2017-06-27,24.3
2017-06-28,26.6
2017-06-29,22.3
2017-06-30,22.8
2017-07-01,20.4
2017-07-02,20.2
2017-07-03,21.2
2017-07-04,20.4
2017-07-05,23.9
2017-07-06,24.0
2017-07-07,22.6
2017-07-08,23.9
2017-07-09,24.3
2017-07-10,26.8
2017-07-11,23.9
2017-07-12,23.6
2017-07-13,21.2
2017-07-14,17.5
2017-07-15,17.8
2017-07-16,19.2
2017-07-17,20.9
2017-07-18,22.5
2017-07-19,24.5
2017-07-20,26.5
2017-07-21,25.8
2017-07-22,23.8
2017-07-23,25.1
2017-07-24,23.3
2017-07-25,19.3
2017-07-26,18.0
2017-07-27,16.9
2017-07-28,21.2
2017-07-29,22.7
2017-07-30,24.1
2017-07-31,25.9
2017-08-01,28.2
2017-08-02,28.2
2017-08-03,29.7
2017-08-04,29.8
2017-08-05,29.8
2017-08-06,26.2
2017-08-07,19.0
2017-08-08,19.7
2017-08-09,25.6
2017-08-10,28.7
2017-08-11,28.6
2017-08-12,21.6
2017-08-13,19.2
2017-08-14,21.0
2017-08-15,22.4
2017-08-16,23.3
2017-08-17,24.6
2017-08-18,25.7
2017-08-19,23.8
2017-08-20,18.9
2017-08-21,17.4
2017-08-22,17.1
2017-08-23,16.7
2017-08-24,18.4
2017-08-25,22.7
2017-08-26,24.7
2017-08-27,25.2
2017-08-28,22.2
2017-08-29,19.6
2017-08-30,19.9
2017-08-31,22.2
2017-09-01,23.8
2017-09-02,17.9
2017-09-03,14.7
2017-09-04,16.0
2017-09-05,15.7
2017-09-06,19.9
2017-09-07,16.6
2017-09-08,15.5
2017-09-09,18.4
2017-09-10,20.7
2017-09-11,22.9
2017-09-12,16.4
2017-09-13,16.8
2017-09-14,19.2
2017-09-15,14.5
2017-09-16,16.8
2017-09-17,15.3
2017-09-18,13.6
2017-09-19,13.4
2017-09-20,13.5
2017-09-21,11.4
2017-09-22,14.1
2017-09-23,12.6
2017-09-24,12.4
2017-09-25,13.4
2017-09-26,16.8
2017-09-27,15.9
2017-09-28,13.4
2017-09-29,11.5
2017-09-30,11.3
2017-10-01,10.6
2017-10-02,10.7
2017-10-03,11.4
2017-10-04,13.2
2017-10-05,14.4
2017-10-06,12.8
2017-10-07,11.1
2017-10-08,9.7
2017-10-09,10.5
2017-10-10,11.6
2017-10-11,13.8
2017-10-12,13.5
2017-10-13,15.7
2017-10-14,12.8
2017-10-15,13.3
2017-10-16,14.5
2017-10-17,14.7
2017-10-18,14.8
2017-10-19,12.0
2017-10-20,10.4
2017-10-21,10.8
2017-10-22,10.3
2017-10-23,9.2
2017-10-24,11.1
2017-10-25,8.6
2017-10-26,10.4
2017-10-27,10.2
2017-10-28,9.8
2017-10-29,9.2
2017-10-30,6.4
2017-10-31,5.2
2017-11-01,7.2
2017-11-02,9.9
2017-11-03,10.3
2017-11-04,6.1
2017-11-05,7.7
2017-11-06,8.6
2017-11-07,7.9
2017-11-08,8.0
2017-11-09,8.4
2017-11-10,8.6
2017-11-11,7.8
2017-11-12,7.6
2017-11-13,6.2
2017-11-14,4.7
2017-11-15,2.2
2017-11-16,5.0
2017-11-17,6.0
2017-11-18,5.0
2017-11-19,4.3
2017-11-20,4.7
2017-11-21,4.2
2017-11-22,7.0
2017-11-23,5.0
2017-11-24,6.0
2017-11-25,6.4
2017-11-26,6.2
2017-11-27,2.7
2017-11-28,0.1
2017-11-29,1.4
2017-11-30,2.0
2017-12-01,0.7
2017-12-02,-0.7
2017-12-03,-0.5
2017-12-04,0.6
2017-12-05,2.9
2017-12-06,5.3
2017-12-07,2.5
2017-12-08,1.2
2017-12-09,2.2
2017-12-10,1.0
2017-12-11,7.7
2017-12-12,9.4
2017-12-13,3.1
2017-12-14,2.0
2017-12-15,5.1
2017-12-16,3.1
2017-12-17,0.0
2017-12-18,-0.9
2017-12-19,-2.1
2017-12-20,-4.1
2017-12-21,-2.6
2017-12-22,1.1
2017-12-23,4.7
2017-12-24,8.7
2017-12-25,4.9
2017-12-26,2.7
2017-12-27,7.2
2017-12-28,6.7
2017-12-29,2.1
2017-12-30,-1.2
2017-12-31,3.2
2018-01-01,2.5
2018-01-02,4.5
2018-01-03,3.2
2018-01-04,4.0
2018-01-05,6.0
2018-01-06,6.8
2018-01-07,7.0
2018-01-08,7.5
2018-01-09,5.2
2018-01-10,4.3
2018-01-11,5.2
2018-01-12,4.8
2018-01-13,2.3
2018-01-14,-1.1
2018-01-15,-2.5
2018-01-16,-2.5
2018-01-17,0.9
2018-01-18,3.5
2018-01-19,3.9
2018-01-20,0.6
2018-01-21,0.3
2018-01-22,-0.7
2018-01-23,-0.1
2018-01-24,1.4
2018-01-25,-0.2
2018-01-26,1.2
2018-01-27,1.7
2018-01-28,2.8
2018-01-29,5.8
2018-01-30,7.0
2018-01-31,2.5
2018-02-01,8.6
2018-02-02,4.4
2018-02-03,1.7
2018-02-04,1.2
2018-02-05,0.1
2018-02-06,-1.1
2018-02-07,1.1
2018-02-08,3.0
2018-02-09,1.4
2018-02-10,1.4
2018-02-11,1.1
2018-02-12,0.4
2018-02-13,1.0
2018-02-14,0.9
2018-02-15,1.3
2018-02-16,1.1
2018-02-17,0.1
2018-02-18,1.5
2018-02-19,0.5
2018-02-20,0.5
2018-02-21,1.0
2018-02-22,0.9
2018-02-23,0.7
2018-02-24,-1.2
2018-02-25,-6.0
2018-02-26,-6.5
2018-02-27,-7.5
2018-02-28,-8.0
2018-03-01,-8.1
2018-03-02,-5.3
2018-03-03,-2.0
2018-03-04,-2.8
2018-03-05,-1.4
2018-03-06,2.3
2018-03-07,3.4
2018-03-08,2.9
2018-03-09,5.1
2018-03-10,8.0
2018-03-11,10.9
2018-03-12,13.5
2018-03-13,9.5
2018-03-14,8.0
2018-03-15,4.9
2018-03-16,6.4
2018-03-17,3.8
2018-03-18,-1.8
2018-03-19,-1.6
2018-03-20,-0.4
2018-03-21,1.5
2018-03-22,1.2
2018-03-23,2.1
2018-03-24,0.2
2018-03-25,2.6
2018-03-26,5.9
2018-03-27,7.3
2018-03-28,6.0
2018-03-29,8.0
2018-03-30,9.6
2018-03-31,11.8
2018-04-01,9.1
2018-04-02,8.9
2018-04-03,12.2
2018-04-04,14.5
2018-04-05,14.1
2018-04-06,12.6
2018-04-07,10.4
2018-04-08,14.6
2018-04-09,17.1
2018-04-10,15.1
2018-04-11,14.9
2018-04-12,18.1
2018-04-13,17.2
2018-04-14,15.4
2018-04-15,17.8
2018-04-16,18.1
2018-04-17,17.0
2018-04-18,17.8
2018-04-19,17.6
2018-04-20,17.7
2018-04-21,16.8
2018-04-22,18.2
2018-04-23,19.0
2018-04-24,19.7
2018-04-25,18.9
2018-04-26,16.2
2018-04-27,14.2
2018-04-28,18.3
2018-04-29,22.0
2018-04-30,21.1
2018-05-01,19.0
2018-05-02,22.2
2018-05-03,21.6
2018-05-04,21.9
2018-05-05,22.5
2018-05-06,20.6
2018-05-07,19.1
2018-05-08,18.2
2018-05-09,19.3
2018-05-10,19.4
2018-05-11,19.7
2018-05-12,20.7
2018-05-13,20.0
2018-05-14,17.7
2018-05-15,15.2
2018-05-16,14.5
2018-05-17,15.0
2018-05-18,17.4
2018-05-19,16.0
2018-05-20,18.0
2018-05-21,18.7
2018-05-22,19.1
2018-05-23,20.7
2018-05-24,21.6
2018-05-25,18.4
2018-05-26,20.3
2018-05-27,22.3
2018-05-28,23.2
2018-05-29,23.2
2018-05-30,22.6
2018-05-31,23.3
2018-06-01,23.7
2018-06-02,21.3
2018-06-03,22.3
2018-06-04,22.6
2018-06-05,23.2
2018-06-06,22.3
2018-06-07,21.0
2018-06-08,23.3
2018-06-09,20.8
2018-06-10,23.2
2018-06-11,24.1
2018-06-12,24.8
2018-06-13,20.4
2018-06-14,17.5
2018-06-15,19.8
2018-06-16,21.8
2018-06-17,23.3
2018-06-18,21.5
2018-06-19,23.9
2018-06-20,24.9
2018-06-21,25.5
2018-06-22,17.5
2018-06-23,15.4
2018-06-24,15.7
2018-06-25,16.7
2018-06-26,18.3
2018-06-27,16.6
2018-06-28,20.2
2018-06-29,22.1
2018-06-30,21.7
2018-07-01,17.1
2018-07-02,17.3
2018-07-03,19.8
2018-07-04,21.4
2018-07-05,23.1
2018-07-06,22.0
2018-07-07,21.2
2018-07-08,21.4
2018-07-09,21.1
2018-07-10,22.2
2018-07-11,19.5
2018-07-12,20.8
2018-07-13,21.7
2018-07-14,22.9
2018-07-15,23.3
2018-07-16,23.4
2018-07-17,23.6
2018-07-18,21.5
2018-07-19,22.1
2018-07-20,22.8
2018-07-21,23.7
2018-07-22,22.3
2018-07-23,20.4
2018-07-24,23.6
2018-07-25,24.8
2018-07-26,25.0
2018-07-27,24.7
2018-07-28,24.2
2018-07-29,26.9
2018-07-30,26.6
2018-07-31,25.9
2018-08-01,26.0
2018-08-02,24.5
2018-08-03,25.7
2018-08-04,25.4
2018-08-05,25.0
2018-08-06,24.8
2018-08-07,25.1
2018-08-08,26.6
2018-08-09,27.4
2018-08-10,27.0
2018-08-11,23.3
2018-08-12,23.7
2018-08-13,25.0
2018-08-14,23.8
2018-08-15,22.1
2018-08-16,23.1
2018-08-17,24.0
2018-08-18,25.0
2018-08-19,25.8
2018-08-20,26.0
2018-08-21,25.1
2018-08-22,25.6
2018-08-23,25.3
2018-08-24,24.7
2018-08-25,21.3
2018-08-26,15.9
2018-08-27,18.2
2018-08-28,19.0
2018-08-29,19.9
2018-08-30,20.9
2018-08-31,22.4
2018-09-01,23.2
2018-09-02,21.0
2018-09-03,21.4
2018-09-04,18.3
2018-09-05,20.3
2018-09-06,20.2
2018-09-07,19.1
2018-09-08,19.8
2018-09-09,19.8
2018-09-10,19.1
2018-09-11,19.9
2018-09-12,20.7
2018-09-13,20.9
2018-09-14,21.9
2018-09-15,20.3
2018-09-16,17.5
2018-09-17,18.7
2018-09-18,18.4
2018-09-19,19.1
2018-09-20,20.0
2018-09-21,20.5
2018-09-22,14.5
2018-09-23,14.8
2018-09-24,13.3
2018-09-25,9.8
2018-09-26,9.0
2018-09-27,10.6
2018-09-28,13.1
2018-09-29,11.5
2018-09-30,10.3
2018-10-01,11.5
2018-10-02,9.3
2018-10-03,10.5
2018-10-04,10.1
2018-10-05,10.1
2018-10-06,13.2
2018-10-07,16.3
2018-10-08,16.5
2018-10-09,15.9
2018-10-10,15.6
2018-10-11,15.6
2018-10-12,14.7
2018-10-13,14.6
2018-10-14,13.7
2018-10-15,13.3
2018-10-16,14.4
2018-10-17,15.6
2018-10-18,14.7
2018-10-19,13.3
2018-10-20,13.3
2018-10-21,9.8
2018-10-22,12.1
2018-10-23,11.5
2018-10-24,10.8
2018-10-25,8.4
2018-10-26,12.7
2018-10-27,14.0
2018-10-28,15.8
2018-10-29,18.5
2018-10-30,16.7
2018-10-31,12.5
2018-11-01,12.7
2018-11-02,16.4
2018-11-03,16.3
2018-11-04,13.6
2018-11-05,11.8
2018-11-06,10.2
2018-11-07,10.2
2018-11-08,9.7
2018-11-09,8.5
2018-11-10,6.2
2018-11-11,6.7
2018-11-12,10.5
2018-11-13,11.3
2018-11-14,10.3
2018-11-15,6.8
2018-11-16,6.1
2018-11-17,4.4
2018-11-18,4.5
2018-11-19,2.2
2018-11-20,3.3
2018-11-21,5.3
2018-11-22,5.1
2018-11-23,6.0
2018-11-24,4.9
2018-11-25,6.4
2018-11-26,7.2
2018-11-27,3.1
2018-11-28,1.1
2018-11-29,-2.7
2018-11-30,-2.9
2018-12-01,-3.6
2018-12-02,-0.7
2018-12-03,2.0
2018-12-04,5.9
2018-12-05,2.8
2018-12-06,-0.5
2018-12-07,2.5
2018-12-08,3.0
2018-12-09,2.3
2018-12-10,4.8
2018-12-11,2.1
2018-12-12,1.6
2018-12-13,-1.5
2018-12-14,-1.9
2018-12-15,-0.7
2018-12-16,-2.6
2018-12-17,-6.4
2018-12-18,-6.4
2018-12-19,-7.1
2018-12-20,-5.8
2018-12-21,-2.3
2018-12-22,3.1
2018-12-23,7.1
2018-12-24,4.4
2018-12-25,2.1
2018-12-26,3.9
2018-12-27,3.2
2018-12-28,5.3
2018-12-29,5.0
2018-12-30,4.1
2018-12-31,4.3
2019-01-01,0.4
2019-01-02,3.0
2019-01-03,-0.8
2019-01-04,-1.8
2019-01-05,-0.9
2019-01-06,-0.1
2019-01-07,-5.2
2019-01-08,-4.5
2019-01-09,-2.5
2019-01-10,-2.1
2019-01-11,-2.5
2019-01-12,0.5
2019-01-13,2.8
2019-01-14,3.9
2019-01-15,1.7
2019-01-16,5.0
2019-01-17,4.5
2019-01-18,4.2
2019-01-19,-0.9
2019-01-20,-1.2
2019-01-21,-4.5
2019-01-22,-4.3
2019-01-23,-3.0
2019-01-24,-0.5
2019-01-25,-2.8
2019-01-26,-1.8
2019-01-27,0.0
2019-01-28,0.1
2019-01-29,1.2
2019-01-30,0.2
2019-01-31,0.7
2019-02-01,1.9
2019-02-02,7.8
2019-02-03,7.6
2019-02-04,3.4
2019-02-05,2.1
2019-02-06,0.8
2019-02-07,-0.5
2019-02-08,0.5
2019-02-09,2.4
2019-02-10,3.1
2019-02-11,6.7
2019-02-12,3.6
2019-02-13,2.3
2019-02-14,6.3
2019-02-15,4.4
2019-02-16,2.9
2019-02-17,3.7
2019-02-18,5.0
2019-02-19,5.5
2019-02-20,6.1
2019-02-21,6.1
2019-02-22,5.8
2019-02-23,-1.7
2019-02-24,-0.9
2019-02-25,2.6
2019-02-26,7.4
2019-02-27,7.6
2019-02-28,10.1
2019-03-01,10.6
2019-03-02,6.5
2019-03-03,7.0
2019-03-04,10.6
2019-03-05,10.2
2019-03-06,8.2
2019-03-07,12.4
2019-03-08,10.8
2019-03-09,10.5
2019-03-10,11.0
2019-03-11,8.4
2019-03-12,4.8
2019-03-13,3.4
2019-03-14,5.9
2019-03-15,8.2
2019-03-16,8.2
2019-03-17,11.9
2019-03-18,9.1
2019-03-19,7.2
2019-03-20,6.8
2019-03-21,6.6
2019-03-22,8.9
2019-03-23,11.9
2019-03-24,12.9
2019-03-25,11.2
2019-03-26,7.9
2019-03-27,8.4
2019-03-28,7.6
2019-03-29,9.6
2019-03-30,9.9
2019-03-31,12.3
2019-04-01,13.5
2019-04-02,11.5
2019-04-03,12.2
2019-04-04,13.7
2019-04-05,13.4
2019-04-06,9.9
2019-04-07,11.9
2019-04-08,14.8
2019-04-09,16.0
2019-04-10,15.8
2019-04-11,12.6
2019-04-12,9.0
2019-04-13,9.4
2019-04-14,10.7
2019-04-15,11.7
2019-04-16,10.9
2019-04-17,11.4
2019-04-18,14.1
2019-04-19,15.8
2019-04-20,14.4
2019-04-21,15.1
2019-04-22,12.7
2019-04-23,10.8
2019-04-24,15.8
2019-04-25,19.3
2019-04-26,20.8
2019-04-27,13.9
2019-04-28,12.4
2019-04-29,11.4
2019-04-30,12.9
2019-05-01,15.7
2019-05-02,16.6
2019-05-03,14.0
2019-05-04,11.6
2019-05-05,10.2
2019-05-06,6.6
2019-05-07,9.9
2019-05-08,10.6
2019-05-09,10.5
2019-05-10,13.5
2019-05-11,15.7
2019-05-12,16.7
2019-05-13,15.8
2019-05-13,15.9
2019-05-14,8.1
2019-05-15,9.9
2019-05-16,10.6
2019-05-17,11.3
2019-05-18,16.1
2019-05-19,16.5
2019-05-20,16.7
2019-05-21,16.1
2019-05-22,14.7
2019-05-23,14.3
2019-05-24,15.6
2019-05-25,17.7
2019-05-26,19.1
2019-05-27,17.3
2019-05-28,17.2
2019-05-29,16.9
2019-05-30,13.6
2019-05-31,16.8
2019-06-01,19.9
2019-06-02,21.1
2019-06-03,21.6
2019-06-04,21.9
2019-06-05,19.7
2019-06-06,19.7
2019-06-07,21.9
2019-06-08,22.1
2019-06-09,23.1
2019-06-10,25.2
2019-06-11,25.3
2019-06-12,25.7
2019-06-13,27.1
2019-06-14,26.8
2019-06-15,26.7
2019-06-16,25.1
2019-06-17,22.6
2019-06-18,23.1
2019-06-19,22.7
2019-06-20,22.2
2019-06-21,23.7
2019-06-22,23.0
2019-06-23,20.5
2019-06-24,23.8
2019-06-25,25.7
2019-06-26,27.5
2019-06-27,27.6
2019-06-28,23.3
2019-06-29,21.9
2019-06-30,23.7
2019-07-01,26.3
2019-07-02,26.6
2019-07-03,24.4
2019-07-04,22.3
2019-07-05,22.3
2019-07-06,24.2
2019-07-07,23.5
2019-07-08,20.4
2019-07-09,19.4
2019-07-10,19.1
2019-07-11,18.6
2019-07-12,16.5
2019-07-13,17.3
2019-07-14,18.6
2019-07-15,19.6
2019-07-16,20.6
2019-07-17,20.9
2019-07-18,19.8
2019-07-19,21.7
2019-07-20,24.2
2019-07-21,24.7
2019-07-22,24.3
2019-07-23,24.8
2019-07-24,23.4
2019-07-25,24.4
2019-07-26,24.1
2019-07-27,21.3
2019-07-28,21.3
2019-07-29,21.8
2019-07-30,24.5
2019-07-31,26.0
2019-08-01,24.4
2019-08-02,20.5
2019-08-03,20.8
2019-08-04,20.4
2019-08-05,21.2
2019-08-06,23.3
2019-08-07,24.3
2019-08-08,22.1
2019-08-09,23.9
2019-08-10,25.9
2019-08-11,26.1
2019-08-12,27.1
2019-08-13,23.2
2019-08-14,18.0
2019-08-15,17.9
2019-08-16,18.6
2019-08-17,20.2
2019-08-18,22.4
2019-08-19,24.6
2019-08-20,25.9
2019-08-21,23.4
2019-08-22,22.6
2019-08-23,24.3
2019-08-24,25.5
2019-08-25,26.0
2019-08-26,23.9
2019-08-27,24.7
2019-08-28,26.1
2019-08-29,26.1
2019-08-30,25.1
2019-08-31,26.0
2019-09-01,25.5
2019-09-02,23.7
2019-09-03,17.0
2019-09-04,17.5
2019-09-05,18.7
2019-09-06,20.2
2019-09-07,17.7
2019-09-08,18.0
2019-09-09,17.1
2019-09-10,15.3
2019-09-11,17.9
2019-09-12,20.1
2019-09-13,19.7
2019-09-14,19.8
2019-09-15,15.9
2019-09-16,19.1
2019-09-17,19.5
2019-09-18,14.5
2019-09-19,11.4
2019-09-20,11.3
2019-09-21,11.9
2019-09-22,13.4
2019-09-23,14.8
2019-09-24,16.8
2019-09-25,16.8
2019-09-26,17.0
2019-09-27,15.9
2019-09-28,16.4
2019-09-29,16.6
2019-09-30,18.3
2019-10-01,16.5
2019-10-02,16.5
2019-10-03,12.2
2019-10-04,10.1
2019-10-05,10.1
2019-10-06,10.3
2019-10-07,8.2
2019-10-08,8.0
2019-10-09,14.1
2019-10-10,13.9
2019-10-11,12.3
2019-10-12,12.9
2019-10-13,14.5
2019-10-14,15.2
2019-10-15,16.0
2019-10-16,13.8
2019-10-17,13.5
2019-10-18,14.3
2019-10-19,15.0
2019-10-20,16.8
2019-10-21,17.8
2019-10-22,16.2
2019-10-23,16.4
2019-10-24,15.9
2019-10-25,14.6
2019-10-26,11.5
2019-10-27,11.7
2019-10-28,11.0
2019-10-29,8.2
2019-10-30,6.8
2019-10-31,4.7
2019-11-01,6.0
2019-11-02,6.9
2019-11-03,12.4
2019-11-04,11.6
2019-11-05,10.7
2019-11-06,10.2
2019-11-07,9.2
2019-11-08,10.0
2019-11-09,10.6
2019-11-10,7.6
2019-11-11,6.6
2019-11-12,8.5
2019-11-13,13.5
2019-11-14,7.2
2019-11-15,10.4
2019-11-16,11.6
2019-11-17,12.5
2019-11-18,10.8
2019-11-19,8.7
2019-11-20,9.9
2019-11-21,11.1
2019-11-22,9.3
2019-11-23,5.8
2019-11-24,6.3
2019-11-25,5.5
2019-11-26,7.4
2019-11-27,6.8
2019-11-28,9.1
2019-11-29,7.6
2019-11-30,3.5
2019-12-01,-0.6
2019-12-02,0.1
2019-12-03,0.8
2019-12-04,-3.8
2019-12-05,-1.8
2019-12-06,-1.0
2019-12-07,0.3
2019-12-08,3.0
2019-12-09,3.5
2019-12-10,4.8
2019-12-11,2.1
2019-12-12,2.2
2019-12-13,3.1
2019-12-14,4.9
2019-12-15,3.5
2019-12-16,3.6
2019-12-17,11.2
2019-12-18,10.7
2019-12-19,6.0
2019-12-20,6.0
2019-12-21,10.3
2019-12-22,7.1
2019-12-23,6.8
2019-12-24,7.0
2019-12-25,6.3
2019-12-26,5.2
2019-12-27,3.5
2019-12-28,2.1
2019-12-29,-0.6
2019-12-30,-2.7
2019-12-31,0.7
2020-01-01,1.6
2020-01-02,-1.8
2020-01-03,-2.8
2020-01-04,0.8
2020-01-05,2.6
2020-01-06,-1.3
2020-01-07,-2.7
2020-01-08,-2.3
2020-01-09,-0.6
2020-01-10,-1.1
2020-01-11,0.2
2020-01-12,-1.1
2020-01-13,-3.1
2020-01-14,-2.5
2020-01-15,-1.7
2020-01-16,-1.1
2020-01-17,-2.5
2020-01-18,-1.6
2020-01-19,-0.5
2020-01-20,0.3
2020-01-21,-1.3
2020-01-22,-1.6
2020-01-23,-1.6
2020-01-24,-2.7
2020-01-25,-1.4
2020-01-26,-0.7
2020-01-27,0.1
2020-01-28,0.9
2020-01-29,2.4
2020-01-30,3.8
2020-01-31,6.1
2020-02-01,9.6
2020-02-02,10.6
2020-02-03,10.0
2020-02-04,6.4
2020-02-05,4.4
2020-02-06,2.0
2020-02-07,4.7
2020-02-08,0.8
2020-02-09,1.9
2020-02-10,8.1
2020-02-11,6.1
2020-02-12,4.2
2020-02-13,4.7
2020-02-14,6.5
2020-02-15,5.3
2020-02-16,5.1
2020-02-17,6.4
2020-02-18,8.0
2020-02-19,5.1
2020-02-20,4.9
2020-02-21,3.4
2020-02-22,4.5
2020-02-23,8.9
2020-02-24,9.1
2020-02-25,8.7
2020-02-26,7.0
2020-02-27,4.6
2020-02-28,4.4
2020-02-29,4.3
2020-03-01,7.7
2020-03-02,9.8
2020-03-03,9.5
2020-03-04,6.0
2020-03-05,4.4
2020-03-06,4.6
2020-03-07,6.4
2020-03-08,6.1
2020-03-09,4.3
2020-03-10,6.9
2020-03-11,10.1
2020-03-12,14.2
2020-03-13,8.9
2020-03-14,6.5
2020-03-15,3.5
2020-03-16,5.2
2020-03-17,7.8
2020-03-18,10.6
2020-03-19,11.4
2020-03-20,12.1
2020-03-21,8.2
2020-03-22,3.4
2020-03-23,-0.2
2020-03-24,3.7
2020-03-25,2.4
2020-03-26,8.5
2020-03-27,11.1
2020-03-28,10.8
2020-03-29,10.5
2020-03-30,5.0
2020-03-31,3.3
2020-04-01,3.5
2020-04-02,4.4
2020-04-03,7.5
2020-04-04,10.1
2020-04-05,11.7
2020-04-06,12.4
2020-04-07,11.1
2020-04-08,12.0
2020-04-09,13.4
2020-04-10,14.9
2020-04-11,13.0
2020-04-12,14.0
2020-04-13,15.7
2020-04-14,8.5
2020-04-15,7.2
2020-04-16,11.8
2020-04-17,16.0
2020-04-18,16.3
2020-04-19,14.4
2020-04-20,11.4
2020-04-21,11.9
2020-04-22,12.1
2020-04-23,13.3
2020-04-24,13.9
2020-04-25,14.8
2020-04-26,11.5
2020-04-27,13.0
2020-04-28,17.6
2020-04-29,15.4
2020-04-30,17.0
2020-05-01,14.1
2020-05-02,14.4
2020-05-03,13.3
2020-05-04,13.2
2020-05-05,13.0
2020-05-06,11.3
2020-05-07,14.9
2020-05-08,14.2
2020-05-09,18.1
2020-05-10,19.3
2020-05-11,19.7
2020-05-12,11.6
2020-05-13,8.7
2020-05-14,14.2
2020-05-15,13.0
2020-05-16,13.7
2020-05-17,14.4
2020-05-18,17.4
2020-05-19,18.2
2020-05-20,17.6
2020-05-21,15.5
2020-05-22,14.5
2020-05-23,16.6
2020-05-24,15.8
2020-05-25,14.2
2020-05-26,14.2
2020-05-27,15.3
2020-05-28,15.6
2020-05-29,15.0
2020-05-30,14.0
2020-05-31,12.3
2020-06-01,16.9
2020-06-02,16.3
2020-06-03,16.1
2020-06-04,18.3
2020-06-05,18.6
2020-06-06,20.2
2020-06-07,22.0
2020-06-08,18.6
2020-06-09,18.6
2020-06-10,18.4
2020-06-11,18.7
2020-06-12,20.7
2020-06-13,23.5
2020-06-14,20.8
2020-06-15,19.7
2020-06-16,19.0
2020-06-17,19.9
2020-06-18,19.0
2020-06-19,19.2
2020-06-20,17.4
2020-06-21,18.4
2020-06-22,20.2
2020-06-23,21.9
2020-06-24,20.7
2020-06-25,21.2
2020-06-26,22.4
2020-06-27,24.7
2020-06-28,25.9
2020-06-29,23.2
2020-06-30,22.2
2020-07-01,24.4
2020-07-02,25.0
2020-07-03,22.6
2020-07-04,22.6
2020-07-05,23.6
2020-07-06,24.9
2020-07-07,19.0
2020-07-08,19.0
2020-07-09,22.9
2020-07-10,25.3
2020-07-11,23.8
2020-07-12,16.8
2020-07-13,17.7
2020-07-14,18.0
2020-07-15,19.3
2020-07-16,19.3
2020-07-17,16.9
2020-07-18,17.2
2020-07-19,17.5
2020-07-20,21.7
2020-07-21,23.7
2020-07-22,22.5
2020-07-23,22.2
2020-07-24,20.9
2020-07-25,19.6
2020-07-26,21.9
2020-07-27,23.2
2020-07-28,24.4
2020-07-29,26.0
2020-07-30,26.3
2020-07-31,25.7
2020-08-01,23.9
2020-08-02,22.4
2020-08-03,22.8
2020-08-04,22.9
2020-08-05,20.9
2020-08-06,24.1
2020-08-07,25.9
2020-08-08,25.9
2020-08-09,25.2
2020-08-10,25.1
2020-08-11,22.7
2020-08-12,23.9
2020-08-13,24.0
2020-08-14,23.1
2020-08-15,21.9
2020-08-16,22.0
2020-08-17,22.3
2020-08-18,20.4
2020-08-19,21.6
2020-08-20,22.2
2020-08-21,22.7
2020-08-22,24.1
2020-08-23,22.9
2020-08-24,21.4
2020-08-25,21.9
2020-08-26,21.3
2020-08-27,22.5
2020-08-28,21.1
2020-08-29,24.9
2020-08-30,26.3
2020-08-31,20.7
2020-09-01,16.4
2020-09-02,16.5
2020-09-03,16.5
2020-09-04,18.7
2020-09-05,20.3
2020-09-06,21.7
2020-09-07,20.4
2020-09-08,18.0
2020-09-09,17.6
2020-09-10,19.8
2020-09-11,21.1
2020-09-12,21.6
2020-09-13,22.3
2020-09-14,22.5
2020-09-15,23.1
2020-09-16,23.1
2020-09-17,22.6
2020-09-18,17.6
2020-09-19,14.7
2020-09-20,16.9
2020-09-21,18.7
2020-09-22,19.5
2020-09-23,20.1
2020-09-24,18.4
2020-09-25,18.9
2020-09-26,11.9
2020-09-27,11.5
2020-09-28,13.3
2020-09-29,13.0
2020-09-30,13.8
2020-10-01,13.8
2020-10-02,15.4
2020-10-03,19.5
2020-10-04,18.5
2020-10-05,15.3
2020-10-06,14.8
2020-10-07,12.6
2020-10-08,13.7
2020-10-09,12.6
2020-10-10,14.1
2020-10-11,12.8
2020-10-12,9.4
2020-10-13,7.1
2020-10-14,7.9
2020-10-15,8.0
2020-10-16,9.4
2020-10-17,7.9
2020-10-18,8.6
2020-10-19,7.4
2020-10-20,9.5
2020-10-21,10.2
2020-10-22,10.6
2020-10-23,9.7
2020-10-24,10.6
2020-10-25,12.5
2020-10-26,13.4
2020-10-27,12.5
2020-10-28,11.3
2020-10-29,9.4
2020-10-30,9.3
2020-10-31,12.1
2020-11-01,7.9
2020-11-02,10.5
2020-11-03,11.3
2020-11-04,12.1
2020-11-05,10.1
2020-11-06,6.4
2020-11-07,6.3
2020-11-08,5.5
2020-11-09,5.4
2020-11-10,4.7
2020-11-11,5.0
2020-11-12,6.0
2020-11-13,7.0
2020-11-14,7.4
2020-11-15,7.4
2020-11-16,6.3
2020-11-17,7.4
2020-11-18,5.9
2020-11-19,6.8
2020-11-20,6.6
2020-11-21,1.7
2020-11-22,-1.1
2020-11-23,1.4
2020-11-24,-0.2
2020-11-25,1.0
2020-11-26,2.3
2020-11-27,1.7
2020-11-28,1.0
2020-11-29,1.3
2020-11-30,0.9
2020-12-01,-0.5
2020-12-02,-1.9
2020-12-03,1.0
2020-12-04,3.6
2020-12-05,6.9
2020-12-06,8.0
2020-12-07,5.9
2020-12-08,4.1
2020-12-09,4.5
2020-12-10,3.5
2020-12-11,2.7
2020-12-12,2.5
2020-12-13,3.2
2020-12-14,2.5
2020-12-15,1.9
2020-12-16,3.0
2020-12-17,3.1
2020-12-18,3.1
2020-12-19,2.9
2020-12-20,3.6
2020-12-21,3.9
2020-12-22,3.8
2020-12-23,7.4
2020-12-24,6.9
2020-12-25,5.2
2020-12-26,2.1
2020-12-27,-1.7
2020-12-28,3.9
2020-12-29,8.1
2020-12-30,6.2
2020-12-31,4.8
2021-01-01,2.0
2021-01-02,3.6
2021-01-03,5.1
2021-01-04,5.8
2021-01-05,4.8
2021-01-06,3.6
2021-01-07,1.6
2021-01-08,0.3
2021-01-09,-2.1
2021-01-10,-1.9
2021-01-11,-1.6
2021-01-12,-4.1
2021-01-13,1.1
2021-01-14,0.3
2021-01-15,-1.5
2021-01-16,-3.3
2021-01-17,-3.6
2021-01-18,-5.7
2021-01-19,-0.2
2021-01-20,4.9
2021-01-21,8.3
2021-01-22,8.7
2021-01-23,8.3
2021-01-24,4.7
2021-01-25,2.5
2021-01-26,0.8
2021-01-27,0.4
2021-01-28,-1.4
2021-01-29,2.7
2021-01-30,6.3
2021-01-31,0.3
2021-02-01,-1.0
2021-02-02,-0.1
2021-02-03,3.1
2021-02-04,8.9
2021-02-05,5.5
2021-02-06,4.0
2021-02-07,1.6
2021-02-08,3.6
2021-02-09,0.3
2021-02-10,0.8
2021-02-11,-3.8
2021-02-12,-7.1
2021-02-13,-7.3
2021-02-14,-2.7
2021-02-15,-2.3
2021-02-16,-1.8
2021-02-17,2.1
2021-02-18,5.8
2021-02-19,3.0
2021-02-20,1.7
2021-02-21,4.1
2021-02-22,5.7
2021-02-23,6.0
2021-02-24,7.1
2021-02-25,8.9
2021-02-26,9.8
2021-02-27,8.6
2021-02-28,5.0
2021-03-01,5.0
2021-03-02,4.9
2021-03-03,6.8
2021-03-04,9.2
2021-03-05,8.1
2021-03-06,3.0
2021-03-07,3.3
2021-03-08,3.5
2021-03-09,2.8
2021-03-10,3.1
2021-03-11,3.8
2021-03-12,9.5
2021-03-13,10.0
2021-03-14,8.9
2021-03-15,7.3
2021-03-16,6.1
2021-03-17,5.5
2021-03-18,4.5
2021-03-19,3.3
2021-03-20,1.6
2021-03-21,1.4
2021-03-22,3.9
2021-03-23,4.8
2021-03-24,6.4
2021-03-25,7.1
2021-03-26,9.5
2021-03-27,12.3
2021-03-28,10.0
2021-03-29,11.5
2021-03-30,14.4
2021-03-31,15.7
2021-04-01,17.9
2021-04-02,15.3
2021-04-03,8.9
2021-04-04,6.7
2021-04-05,8.5
2021-04-06,4.8
2021-04-07,3.1
2021-04-08,3.1
2021-04-09,7.1
2021-04-10,11.9
2021-04-11,12.3
2021-04-12,13.6
2021-04-13,4.5
2021-04-14,5.0
2021-04-15,5.1
2021-04-16,5.2
2021-04-17,7.7
2021-04-18,8.4
2021-04-19,8.7
2021-04-20,10.3
2021-04-21,11.7
2021-04-22,12.8
2021-04-23,10.1
2021-04-24,10.3
2021-04-25,11.7
2021-04-26,9.2
2021-04-27,10.1
2021-04-28,12.0
2021-04-29,15.1
2021-04-30,17.2
2021-05-01,19.3
2021-05-02,15.6
2021-05-03,11.5
2021-05-04,13.8
2021-05-05,14.4
2021-05-06,11.9
2021-05-07,11.8
2021-05-08,10.7
2021-05-09,14.5
2021-05-10,18.7
2021-05-11,21.8
2021-05-12,18.4
2021-05-13,14.4
2021-05-14,13.4
2021-05-15,15.2
2021-05-16,14.9
2021-05-17,13.2
2021-05-18,14.3
2021-05-19,13.2
2021-05-20,13.0
2021-05-21,16.1
2021-05-22,14.7
2021-05-23,12.0
2021-05-24,13.5
2021-05-25,14.5
2021-05-26,15.0
2021-05-27,16.1
2021-05-28,16.4
2021-05-29,15.6
2021-05-30,13.7
2021-05-31,14.1
2021-06-01,14.7
2021-06-02,15.7
2021-06-03,18.3
2021-06-04,20.5
2021-06-05,22.3
2021-06-06,21.1
2021-06-07,22.1
2021-06-08,22.6
2021-06-09,23.3
2021-06-10,21.1
2021-06-11,20.5
2021-06-12,21.5
2021-06-13,18.4
2021-06-14,17.3
2021-06-15,20.0
2021-06-16,22.3
2021-06-17,23.7
2021-06-18,24.5
2021-06-19,25.4
2021-06-20,25.7
2021-06-21,26.5
2021-06-22,27.6
2021-06-23,28.3
2021-06-24,29.7
2021-06-25,26.7
2021-06-26,24.4
2021-06-27,24.2
2021-06-28,26.0
2021-06-29,27.7
2021-06-30,25.5
2021-07-01,21.4
2021-07-02,20.0
2021-07-03,21.5
2021-07-04,22.9
2021-07-05,24.2
2021-07-06,26.5
2021-07-07,28.1
2021-07-08,30.7
2021-07-09,26.1
2021-07-10,24.6
2021-07-11,23.5
2021-07-12,24.1
2021-07-13,27.1
2021-07-14,28.5
2021-07-15,25.0
2021-07-16,25.0
2021-07-17,23.5
2021-07-18,23.7
2021-07-19,21.6
2021-07-20,22.5
2021-07-21,21.4
2021-07-22,22.4
2021-07-23,22.7
2021-07-24,23.9
2021-07-25,25.4
2021-07-26,27.7
2021-07-27,27.6
2021-07-28,29.0
2021-07-29,24.8
2021-07-30,25.9
2021-07-31,24.9
2021-08-01,22.6
2021-08-02,20.6
2021-08-03,21.5
2021-08-04,22.5
2021-08-05,20.0
2021-08-06,20.0
2021-08-07,23.6
2021-08-08,24.9
2021-08-09,23.5
2021-08-10,24.6
2021-08-11,24.2
2021-08-12,23.6
2021-08-13,25.1
2021-08-14,26.8
2021-08-15,27.9
2021-08-16,25.5
2021-08-17,18.7
2021-08-18,17.4
2021-08-19,19.1
2021-08-20,20.8
2021-08-21,22.2
2021-08-22,23.6
2021-08-23,19.5
2021-08-24,19.6
2021-08-25,18.0
2021-08-26,15.1
2021-08-27,15.9
2021-08-28,15.5
2021-08-29,16.2
2021-08-30,16.4
2021-08-31,16.6
2021-09-01,17.5
2021-09-02,17.9
2021-09-03,18.9
2021-09-04,18.7
2021-09-05,19.4
2021-09-06,18.1
2021-09-07,18.3
2021-09-08,18.9
2021-09-09,18.9
2021-09-10,19.3
2021-09-11,20.1
2021-09-12,20.4
2021-09-13,21.5
2021-09-14,21.6
2021-09-15,22.7
2021-09-16,22.2
2021-09-17,18.8
2021-09-18,16.2
2021-09-19,15.2
2021-09-20,13.0
2021-09-21,12.2
2021-09-22,12.5
2021-09-23,13.3
2021-09-24,17.1
2021-09-25,19.1
2021-09-26,18.8
2021-09-27,18.2
2021-09-28,19.2
2021-09-29,15.6
2021-09-30,13.8
2021-10-01,13.4
2021-10-02,14.7
2021-10-03,14.9
2021-10-04,16.9
2021-10-05,17.8
2021-10-06,12.5
2021-10-07,13.1
2021-10-08,12.4
2021-10-09,10.3
2021-10-10,9.0
2021-10-11,11.5
2021-10-12,10.1
2021-10-13,8.0
2021-10-14,7.7
2021-10-15,7.1
2021-10-16,9.4
2021-10-17,8.9
2021-10-18,9.6
2021-10-19,10.0
2021-10-20,12.2
2021-10-21,14.7
2021-10-22,13.3
2021-10-23,9.7
2021-10-24,6.9
2021-10-25,6.9
2021-10-26,7.1
2021-10-27,7.6
2021-10-28,7.7
2021-10-29,8.6
2021-10-30,11.0
2021-10-31,10.3
2021-11-01,9.7
2021-11-02,8.2
2021-11-03,8.1
2021-11-04,11.9
2021-11-05,8.9
2021-11-06,8.3
2021-11-07,9.0
2021-11-08,8.4
2021-11-09,6.9
2021-11-10,4.9
2021-11-11,5.4
2021-11-12,5.2
2021-11-13,3.5
2021-11-14,5.9
2021-11-15,8.4
2021-11-16,6.4
2021-11-17,6.7
2021-11-18,7.4
2021-11-19,9.2
2021-11-20,10.1
2021-11-21,4.9
2021-11-22,6.9
2021-11-23,4.5
2021-11-24,0.6
2021-11-25,2.1
2021-11-26,4.5
2021-11-27,3.4
2021-11-28,5.8
2021-11-29,2.6
2021-11-30,2.8
2021-12-01,6.3
2021-12-02,5.9
2021-12-03,3.4
2021-12-04,-0.2
2021-12-05,0.7
2021-12-06,2.2
2021-12-07,1.0
2021-12-08,0.0
2021-12-09,1.0
2021-12-10,1.4
2021-12-11,1.5
2021-12-12,1.6
2021-12-13,1.6
2021-12-14,-0.3
2021-12-15,1.1
2021-12-16,4.2
2021-12-17,5.4
2021-12-18,3.8
2021-12-19,5.3
2021-12-20,3.0
2021-12-21,-0.5
2021-12-22,-2.9
2021-12-23,-2.1
2021-12-24,3.4
2021-12-25,5.1
2021-12-26,-0.1
2021-12-27,-0.2
2021-12-28,0.0
2021-12-29,1.7
2021-12-30,2.5
2021-12-31,9.0
2022-01-01,11.3
2022-01-02,8.7
2022-01-03,9.4
2022-01-04,9.0
2022-01-05,7.8
2022-01-06,3.7
2022-01-07,-0.4
2022-01-08,-2.3
2022-01-09,-1.6
2022-01-10,1.2
2022-01-11,0.7
2022-01-12,-2.8
2022-01-13,-0.5
2022-01-14,4.7
2022-01-15,3.0
2022-01-16,-2.2
2022-01-17,4.6
2022-01-18,1.9
2022-01-19,-0.1
2022-01-20,0.6
2022-01-21,-0.2
2022-01-22,0.5
2022-01-23,-0.8
2022-01-24,-3.3
2022-01-25,-1.3
2022-01-26,1.9
2022-01-27,2.9
2022-01-28,5.3
2022-01-29,2.9
2022-01-30,6.1
2022-01-31,4.1
2022-02-01,2.6
2022-02-02,4.1
2022-02-03,3.7
2022-02-04,4.5
2022-02-05,5.0
2/6/2022,4.944444444444444
2/7/2022,5.888888888888889
2/8/2022,5.499999999999999
2/9/2022,8.61111111111111
2/10/2022,6.611111111111111
2/11/2022,5.833333333333333
2/12/2022,4.777777777777779
2/13/2022,2.3888888888888875
2/14/2022,4.777777777777779
2/15/2022,8.0
2/16/2022,7.11111111111111
2/17/2022,8.444444444444446
2/18/2022,9.944444444444445
2/19/2022,9.555555555555555
2/20/2022,6.944444444444445
2/21/2022,5.0
2/22/2022,6.166666666666668
2/23/2022,5.611111111111112
2/24/2022,5.666666666666668
2/25/2022,5.7222222222222205
2/26/2022,5.555555555555555
2/27/2022,5.555555555555555
2/28/2022,3.111111111111112
3/1/2022,3.611111111111111
3/2/2022,2.333333333333335
3/3/2022,2.2222222222222223
3/4/2022,3.1666666666666683
3/5/2022,3.1666666666666683
3/6/2022,3.111111111111112
3/7/2022,0.5555555555555556
3/8/2022,3.2222222222222205
3/9/2022,4.666666666666666
3/10/2022,3.055555555555556
3/11/2022,0.2777777777777778
3/12/2022,1.277777777777776
3/13/2022,3.055555555555556
3/14/2022,5.7222222222222205
3/15/2022,8.38888888888889
3/16/2022,7.000000000000001
3/17/2022,7.000000000000001
3/18/2022,5.166666666666665
3/19/2022,6.555555555555554
3/20/2022,4.444444444444445
3/21/2022,5.611111111111112
3/22/2022,9.72222222222222
3/23/2022,12.72222222222222
3/24/2022,13.22222222222222
3/25/2022,11.77777777777778
3/26/2022,12.833333333333334
3/27/2022,12.944444444444445
3/28/2022,13.38888888888889
3/29/2022,14.61111111111111
3/30/2022,13.833333333333334
3/31/2022,10.388888888888893
4/1/2022,8.722222222222223
4/2/2022,2.944444444444443
4/3/2022,2.666666666666665
4/4/2022,3.444444444444446
4/5/2022,8.333333333333334
4/6/2022,12.555555555555555
4/7/2022,13.555555555555555
4/8/2022,14.166666666666666
4/9/2022,9.38888888888889
4/10/2022,7.444444444444445
4/11/2022,7.277777777777778
4/12/2022,9.22222222222222
4/13/2022,11.38888888888889
4/14/2022,13.61111111111111
4/15/2022,13.0
4/16/2022,10.444444444444445
4/17/2022,8.166666666666668
4/18/2022,7.555555555555555
4/19/2022,6.666666666666667
4/20/2022,7.833333333333333
4/21/2022,9.11111111111111
4/22/2022,9.5
4/23/2022,10.61111111111111
4/24/2022,13.444444444444446
4/25/2022,13.444444444444446
4/26/2022,13.444444444444446
4/27/2022,12.555555555555555
4/28/2022,13.499999999999998
4/29/2022,14.38888888888889
4/30/2022,14.666666666666666
5/1/2022,15.944444444444445
5/2/2022,15.333333333333334
5/3/2022,15.27777777777778
5/4/2022,14.944444444444445
5/5/2022,17.166666666666668
5/6/2022,17.555555555555557
5/7/2022,18.000000000000004
5/8/2022,17.666666666666668
5/9/2022,17.27777777777778
5/10/2022,17.88888888888889
5/11/2022,18.72222222222222
5/12/2022,21.55555555555556
5/13/2022,21.0
5/14/2022,19.5
5/15/2022,19.33333333333333
5/16/2022,20.500000000000004
5/17/2022,18.22222222222222
5/18/2022,15.944444444444445
5/19/2022,15.666666666666666
5/20/2022,19.388888888888893
5/21/2022,21.27777777777778
5/22/2022,18.666666666666664
5/23/2022,17.555555555555557
5/24/2022,17.055555555555557
5/25/2022,19.61111111111111
5/26/2022,19.66666666666667
5/27/2022,21.944444444444443
5/28/2022,17.38888888888889
5/29/2022,13.22222222222222
5/30/2022,14.444444444444445
5/31/2022,16.38888888888889
6/1/2022,18.944444444444443
6/2/2022,20.166666666666668
6/3/2022,23.05555555555556
6/4/2022,21.5
6/5/2022,21.944444444444443
6/6/2022,21.83333333333333
6/7/2022,22.5
6/8/2022,21.5
6/9/2022,19.111111111111114
6/10/2022,21.666666666666668
6/11/2022,22.22222222222222
6/12/2022,22.666666666666668
6/13/2022,22.33333333333333
6/14/2022,18.77777777777778
6/15/2022,19.33333333333333
6/16/2022,21.27777777777778
6/17/2022,20.500000000000004
6/18/2022,21.27777777777778
6/19/2022,22.88888888888889
6/20/2022,24.88888888888889
6/21/2022,22.5
6/22/2022,21.27777777777778
6/23/2022,23.444444444444443
6/24/2022,23.666666666666664
6/25/2022,23.22222222222222
6/26/2022,24.111111111111114
6/27/2022,26.333333333333336
6/28/2022,26.0
6/29/2022,28.38888888888889
6/30/2022,29.5
7/1/2022,29.72222222222222
7/2/2022,25.0
7/3/2022,25.72222222222222
7/4/2022,27.55555555555556
7/5/2022,23.61111111111111
7/6/2022,22.83333333333333
7/7/2022,21.0
7/8/2022,21.166666666666664
7/9/2022,21.333333333333336
7/10/2022,20.666666666666668
7/11/2022,18.5
7/12/2022,19.27777777777778
7/13/2022,23.22222222222222
7/14/2022,26.333333333333336
7/15/2022,22.27777777777777
7/16/2022,22.22222222222222
7/17/2022,21.444444444444443
7/18/2022,22.444444444444446
7/19/2022,24.27777777777778
7/20/2022,26.666666666666668
7/21/2022,29.22222222222222
7/22/2022,29.55555555555556
7/23/2022,28.944444444444443
7/24/2022,27.22222222222222
7/25/2022,25.83333333333333
7/26/2022,23.38888888888889
7/27/2022,24.66666666666667
7/28/2022,25.944444444444443
7/29/2022,27.55555555555556
7/30/2022,22.444444444444446
7/31/2022,19.0
8/1/2022,22.33333333333333
8/2/2022,24.66666666666667
8/3/2022,25.500000000000004
8/4/2022,26.77777777777778
8/5/2022,28.000000000000004
8/6/2022,27.16666666666667
8/7/2022,24.444444444444443
8/8/2022,21.05555555555556
8/9/2022,23.277777777777786
8/10/2022,23.5
8/11/2022,22.33333333333333
8/12/2022,22.55555555555556
8/13/2022,23.55555555555556
8/14/2022,24.388888888888893
8/15/2022,25.666666666666668
8/16/2022,26.0
8/17/2022,26.72222222222221
8/18/2022,28.166666666666668
8/19/2022,28.444444444444443
8/20/2022,21.166666666666664
8/21/2022,20.33333333333333
8/22/2022,20.777777777777786
8/23/2022,21.5
8/24/2022,21.944444444444443
8/25/2022,24.88888888888889
8/26/2022,26.77777777777778
8/27/2022,26.166666666666664
8/28/2022,25.666666666666668
8/29/2022,23.5
8/30/2022,23.33333333333333
8/31/2022,23.22222222222222
9/1/2022,18.22222222222222
9/2/2022,17.83333333333333
9/3/2022,17.38888888888889
9/4/2022,17.88888888888889
9/5/2022,20.38888888888889
9/6/2022,20.777777777777786
9/7/2022,21.666666666666668
9/8/2022,22.55555555555556
9/9/2022,20.944444444444443
9/10/2022,19.944444444444446
9/11/2022,17.77777777777778
9/12/2022,17.166666666666668
9/13/2022,15.72222222222222
9/14/2022,18.33333333333333
9/15/2022,20.55555555555556
9/16/2022,16.444444444444443
9/17/2022,13.166666666666668
9/18/2022,11.944444444444445
9/19/2022,11.333333333333334
9/20/2022,11.77777777777778
9/21/2022,12.0
9/22/2022,11.277777777777777
9/23/2022,10.666666666666668
9/24/2022,11.500000000000002
9/25/2022,13.444444444444446
9/26/2022,14.22222222222222
9/27/2022,12.666666666666664
9/28/2022,13.38888888888889
9/29/2022,13.555555555555555
9/30/2022,14.22222222222222
10/1/2022,15.166666666666666
10/2/2022,14.555555555555555
10/3/2022,13.61111111111111
10/4/2022,12.388888888888888
10/5/2022,10.999999999999998
10/6/2022,13.27777777777778
10/7/2022,14.77777777777778
10/8/2022,14.11111111111111
10/9/2022,14.38888888888889
10/10/2022,12.72222222222222
10/11/2022,13.944444444444445
10/12/2022,13.22222222222222
10/13/2022,12.5
10/14/2022,12.22222222222222
10/15/2022,13.27777777777778
10/16/2022,14.61111111111111
10/17/2022,13.555555555555555
10/18/2022,12.833333333333334
10/19/2022,13.055555555555555
10/20/2022,8.777777777777777
10/21/2022,7.88888888888889
10/22/2022,11.500000000000002
10/23/2022,12.388888888888888
10/24/2022,13.444444444444446
10/25/2022,14.666666666666666
10/26/2022,11.500000000000002
10/27/2022,12.333333333333336
10/28/2022,11.666666666666666
10/29/2022,11.88888888888889
10/30/2022,12.27777777777778
10/31/2022,11.055555555555555
11/1/2022,10.61111111111111
11/2/2022,12.5
11/3/2022,9.944444444444445
11/4/2022,10.388888888888893
11/5/2022,9.888888888888888
11/6/2022,9.888888888888888
11/7/2022,8.444444444444446
11/8/2022,7.11111111111111
11/9/2022,8.666666666666666
11/10/2022,10.5
11/11/2022,8.61111111111111
11/12/2022,8.666666666666666
11/13/2022,6.388888888888889
11/14/2022,6.4444444444444455
11/15/2022,5.777777777777777
11/16/2022,7.944444444444443
11/17/2022,8.722222222222223
11/18/2022,6.888888888888888
11/19/2022,2.833333333333334
11/20/2022,2.2777777777777786
11/21/2022,0.9999999999999984
11/22/2022,3.3888888888888897
11/23/2022,4.833333333333335
11/24/2022,5.555555555555555
11/25/2022,4.166666666666667
11/26/2022,3.277777777777777
11/27/2022,4.222222222222223
11/28/2022,3.055555555555556
11/29/2022,1.4444444444444453
11/30/2022,4.555555555555557
12/1/2022,2.666666666666665
12/2/2022,1.6666666666666667
12/3/2022,3.611111111111111
12/4/2022,4.944444444444444
12/5/2022,5.7222222222222205
12/6/2022,4.61111111111111
12/7/2022,1.9444444444444444
12/8/2022,1.277777777777776
12/9/2022,3.611111111111111
12/10/2022,5.055555555555556
12/11/2022,2.055555555555557
12/12/2022,-1.277777777777778
12/13/2022,-2.3888888888888893
12/14/2022,-2.444444444444444
12/15/2022,0.7222222222222207
12/16/2022,3.722222222222224
12/17/2022,0.1111111111111126
12/18/2022,-2.000000000000001
12/19/2022,-2.2222222222222223
12/20/2022,-0.4444444444444448
12/21/2022,0.4999999999999992
12/22/2022,1.833333333333332
12/23/2022,3.777777777777776
12/24/2022,6.944444444444445
12/25/2022,7.277777777777778
12/26/2022,6.222222222222224
12/27/2022,5.38888888888889
12/28/2022,0.8333333333333334
12/29/2022,0.166666666666665
12/30/2022,2.944444444444443
12/31/2022,5.222222222222221
1/1/2023,6.4444444444444455
1/2/2023,6.666666666666667
1/3/2023,7.555555555555555
1/4/2023,4.722222222222222
1/5/2023,7.388888888888887
1/6/2023,7.777777777777778
1/7/2023,5.944444444444446
1/8/2023,7.722222222222222
1/9/2023,7.333333333333335
1/10/2023,6.0555555555555545
1/11/2023,3.888888888888889
1/12/2023,2.944444444444443
1/13/2023,2.5
1/14/2023,4.555555555555557
1/15/2023,4.222222222222223
1/16/2023,4.111111111111111
1/17/2023,5.38888888888889
1/18/2023,5.1111111111111125
1/19/2023,3.1666666666666683
1/20/2023,1.5000000000000016
1/21/2023,1.555555555555554
1/22/2023,3.277777777777777
1/23/2023,6.722222222222223
1/24/2023,3.944444444444445
1/25/2023,1.1666666666666674
1/26/2023,1.277777777777776
1/27/2023,0.3333333333333341
1/28/2023,1.7777777777777797
1/29/2023,-0.6111111111111119
1/30/2023,-1.0555555555555547
1/31/2023,4.166666666666667
2/1/2023,4.444444444444445
2/2/2023,4.61111111111111
2/3/2023,1.833333333333332
2/4/2023,3.1666666666666683
2/5/2023,-1.3333333333333326
2/6/2023,-3.888888888888889
2/7/2023,-4.0
2/8/2023,-0.8333333333333334
2/9/2023,-2.833333333333334
2/10/2023,-3.333333333333333
2/11/2023,-0.0555555555555563
2/12/2023,4.055555555555554
2/13/2023,1.6111111111111105
2/14/2023,2.055555555555557
2/15/2023,1.555555555555554
2/16/2023,1.4444444444444453
2/17/2023,5.055555555555556
2/18/2023,12.833333333333334
2/19/2023,10.388888888888893
2/20/2023,6.888888888888888
2/21/2023,10.999999999999998
2/22/2023,8.499999999999998
2/23/2023,7.777777777777778
2/24/2023,9.22222222222222
2/25/2023,6.944444444444445
2/26/2023,3.611111111111111
2/27/2023,1.555555555555554
2/28/2023,2.444444444444444
3/1/2023,5.888888888888889
3/2/2023,4.722222222222222
3/3/2023,4.500000000000001
3/4/2023,3.888888888888889
3/5/2023,3.611111111111111
3/6/2023,3.888888888888889
3/7/2023,3.722222222222224
3/8/2023,6.77777777777778
3/9/2023,11.666666666666666
3/10/2023,10.166666666666664
3/11/2023,6.722222222222223
3/12/2023,3.333333333333333
3/13/2023,8.499999999999998
3/14/2023,12.611111111111112
3/15/2023,7.5
3/16/2023,5.055555555555556
3/17/2023,3.777777777777776
3/18/2023,6.833333333333332
3/19/2023,8.777777777777777
3/20/2023,11.72222222222222
3/21/2023,12.27777777777778
3/22/2023,10.555555555555555
3/23/2023,12.388888888888888
3/24/2023,14.61111111111111
3/25/2023,13.22222222222222
3/26/2023,11.277777777777777
3/27/2023,6.944444444444445
3/28/2023,3.555555555555555
3/29/2023,3.888888888888889
3/30/2023,9.000000000000002
3/31/2023,12.944444444444445
4/1/2023,11.055555555555555
4/2/2023,11.444444444444445
4/3/2023,7.000000000000001
4/4/2023,4.222222222222223
4/5/2023,4.111111111111111
4/6/2023,3.2222222222222205
4/7/2023,4.555555555555557
4/8/2023,4.27777777777778
4/9/2023,6.722222222222223
4/10/2023,10.27777777777778
4/11/2023,10.72222222222222
4/12/2023,10.055555555555555
4/13/2023,12.27777777777778
4/14/2023,9.833333333333336
4/15/2023,8.333333333333334
4/16/2023,11.500000000000002
4/17/2023,14.444444444444445
4/18/2023,14.61111111111111
4/19/2023,13.944444444444445
4/20/2023,13.722222222222223
4/21/2023,14.666666666666666
4/22/2023,15.27777777777778
4/23/2023,15.555555555555555
4/24/2023,14.22222222222222
4/25/2023,12.111111111111107
4/26/2023,9.944444444444445
4/27/2023,9.333333333333332
4/28/2023,10.999999999999998
4/29/2023,14.000000000000002
4/30/2023,14.833333333333334
5/1/2023,15.444444444444445
5/2/2023,17.22222222222222
5/3/2023,15.944444444444445
5/4/2023,16.0
5/5/2023,16.666666666666668
5/6/2023,16.88888888888889
5/7/2023,17.77777777777778
5/8/2023,13.555555555555555
5/9/2023,13.0
5/10/2023,15.11111111111111
5/11/2023,15.72222222222222
5/12/2023,11.11111111111111
5/13/2023,11.88888888888889
5/14/2023,12.055555555555555
5/15/2023,15.166666666666666
5/16/2023,14.444444444444445
5/17/2023,15.22222222222222
5/18/2023,12.611111111111112
5/19/2023,17.0
5/20/2023,20.444444444444443
5/21/2023,21.72222222222221
5/22/2023,20.38888888888889
5/23/2023,20.611111111111107
5/24/2023,19.55555555555556
5/25/2023,20.27777777777778
5/26/2023,21.22222222222222
5/27/2023,21.11111111111111
5/28/2023,19.77777777777777
5/29/2023,19.388888888888893
5/30/2023,19.27777777777778
5/31/2023,21.666666666666668
6/1/2023,21.444444444444443
6/2/2023,21.611111111111114
6/3/2023,18.444444444444443
6/4/2023,17.61111111111111
6/5/2023,20.777777777777786
6/6/2023,18.277777777777786
6/7/2023,19.0
6/8/2023,19.83333333333333
6/9/2023,19.05555555555556
6/10/2023,19.944444444444446
6/11/2023,21.0
6/12/2023,18.88888888888889
6/13/2023,17.83333333333333
6/14/2023,17.77777777777778
6/15/2023,19.22222222222221
6/16/2023,20.38888888888889
6/17/2023,20.0
6/18/2023,21.55555555555556
6/19/2023,23.33333333333333
6/20/2023,25.166666666666668
6/21/2023,26.27777777777778
6/22/2023,26.77777777777778
6/23/2023,26.83333333333333
6/24/2023,21.666666666666668
6/25/2023,21.666666666666668
6/26/2023,22.61111111111111
6/27/2023,20.611111111111107
6/28/2023,19.111111111111114
6/29/2023,21.166666666666664
6/30/2023,22.11111111111111
7/1/2023,23.111111111111107
7/2/2023,24.22222222222221
7/3/2023,24.05555555555556
7/4/2023,21.38888888888889
7/5/2023,24.05555555555556
7/6/2023,23.166666666666668
7/7/2023,23.72222222222222
7/8/2023,23.444444444444443
7/9/2023,25.444444444444443
7/10/2023,27.38888888888889
7/11/2023,25.944444444444443
7/12/2023,26.888888888888893
7/13/2023,24.22222222222221
7/14/2023,24.944444444444446
7/15/2023,26.22222222222222
7/16/2023,27.88888888888889
7/17/2023,28.88888888888889
7/18/2023,27.5
7/19/2023,26.888888888888893
7/20/2023,25.444444444444443
7/21/2023,22.16666666666667
7/22/2023,21.83333333333333
7/23/2023,24.55555555555556
7/24/2023,27.27777777777777
7/25/2023,22.722222222222225
7/26/2023,18.61111111111111
7/27/2023,18.61111111111111
7/28/2023,22.5
7/29/2023,24.388888888888893
7/30/2023,22.0
7/31/2023,21.83333333333333
8/1/2023,21.444444444444443
8/2/2023,21.55555555555556
8/3/2023,22.88888888888889
8/4/2023,22.11111111111111
8/5/2023,22.55555555555556
8/6/2023,17.88888888888889
8/7/2023,16.666666666666668
8/8/2023,17.666666666666668
8/9/2023,18.33333333333333
8/10/2023,19.444444444444443
8/11/2023,19.5
8/12/2023,21.333333333333336
8/13/2023,22.666666666666668
8/14/2023,24.55555555555556
8/15/2023,26.166666666666664
8/16/2023,24.444444444444443
8/17/2023,23.5
8/18/2023,24.27777777777778
8/19/2023,23.88888888888889
8/20/2023,26.83333333333333
8/21/2023,27.83333333333333
8/22/2023,27.88888888888889
8/23/2023,27.77777777777778
8/24/2023,26.333333333333336
8/25/2023,26.0
8/26/2023,28.666666666666668
8/27/2023,28.666666666666668
8/28/2023,28.38888888888889
8/29/2023,22.16666666666667
8/30/2023,18.111111111111107
8/31/2023,18.88888888888889
9/1/2023,20.27777777777778
9/2/2023,22.05555555555556
9/3/2023,20.38888888888889
9/4/2023,19.944444444444446
9/5/2023,20.500000000000004
9/6/2023,21.166666666666664
9/7/2023,21.166666666666664
9/8/2023,21.444444444444443
9/9/2023,22.16666666666667
9/10/2023,22.666666666666668
9/11/2023,23.166666666666668
9/12/2023,23.72222222222222
9/13/2023,23.61111111111111
9/14/2023,21.55555555555556
9/15/2023,21.38888888888889
9/16/2023,20.0
9/17/2023,21.11111111111111
9/18/2023,22.83333333333333
9/19/2023,20.33333333333333
9/20/2023,20.166666666666668
9/21/2023,21.11111111111111
9/22/2023,22.88888888888889
9/23/2023,18.944444444444443
9/24/2023,16.11111111111111
9/25/2023,20.166666666666668
9/26/2023,21.55555555555556
9/27/2023,20.611111111111107
9/28/2023,19.05555555555556
9/29/2023,19.166666666666668
9/30/2023,17.555555555555557
10/1/2023,16.11111111111111
10/2/2023,16.666666666666668
10/3/2023,18.111111111111107
10/4/2023,16.72222222222222
10/5/2023,15.333333333333334
10/6/2023,15.72222222222222
10/7/2023,16.666666666666668
10/8/2023,17.444444444444443
10/9/2023,11.222222222222223
10/10/2023,10.999999999999998
10/11/2023,15.27777777777778
10/12/2023,16.666666666666668
10/13/2023,18.72222222222222
10/14/2023,18.000000000000004
10/15/2023,13.0
10/16/2023,8.555555555555555
10/17/2023,7.11111111111111
10/18/2023,7.833333333333333
10/19/2023,9.666666666666666
10/20/2023,19.61111111111111
10/21/2023,19.22222222222221
10/22/2023,15.166666666666666
10/23/2023,13.722222222222223
10/24/2023,14.333333333333334
10/25/2023,15.11111111111111
10/26/2023,13.722222222222223
10/27/2023,13.88888888888889
10/28/2023,11.833333333333332
10/29/2023,13.722222222222223
10/30/2023,17.0
10/31/2023,13.61111111111111
11/1/2023,11.61111111111111
11/2/2023,12.5
11/3/2023,12.055555555555555
11/4/2023,8.333333333333334
11/5/2023,9.27777777777778
11/6/2023,10.111111111111112
11/7/2023,9.27777777777778
11/8/2023,9.666666666666666
11/9/2023,7.88888888888889
11/10/2023,7.611111111111112
11/11/2023,7.555555555555555
11/12/2023,6.666666666666667
11/13/2023,6.277777777777776
11/14/2023,11.11111111111111
11/15/2023,11.055555555555555
11/16/2023,10.5
11/17/2023,7.833333333333333
11/18/2023,4.888888888888888
11/19/2023,2.555555555555556
11/20/2023,6.722222222222223
11/21/2023,6.500000000000002
11/22/2023,5.0
11/23/2023,2.000000000000001
11/24/2023,4.722222222222222
11/25/2023,2.833333333333334
11/26/2023,0.3333333333333341
11/27/2023,1.277777777777776
11/28/2023,3.333333333333333
11/29/2023,0.4999999999999992
11/30/2023,-0.4444444444444448
12/1/2023,1.6111111111111105
12/2/2023,2.666666666666665
12/3/2023,-0.8888888888888897
12/4/2023,-1.8333333333333337
12/5/2023,-0.3888888888888885
12/6/2023,1.1111111111111112
12/7/2023,1.0555555555555547
12/8/2023,1.222222222222224
12/9/2023,1.222222222222224
12/10/2023,0.3888888888888904
12/11/2023,0.8888888888888897
12/12/2023,4.333333333333332
12/13/2023,4.722222222222222
12/14/2023,5.833333333333333
12/15/2023,4.333333333333332
12/16/2023,3.277777777777777
12/17/2023,5.1111111111111125
12/18/2023,3.3888888888888897
12/19/2023,-0.8333333333333334
12/20/2023,1.6666666666666667
12/21/2023,5.166666666666665
12/22/2023,5.611111111111112
12/23/2023,1.555555555555554
12/24/2023,5.888888888888889
12/25/2023,9.611111111111107
12/26/2023,8.722222222222223
12/27/2023,7.833333333333333
12/28/2023,5.333333333333334
12/29/2023,4.000000000000002
12/30/2023,4.388888888888888
12/31/2023,3.944444444444445
1/1/2024,6.388888888888889
1/2/2024,4.944444444444444
1/3/2024,8.722222222222223
1/4/2024,9.666666666666666
1/5/2024,8.11111111111111
1/6/2024,6.222222222222224
1/7/2024,5.055555555555556
1/8/2024,0.166666666666665
1/9/2024,0.3888888888888904
1/10/2024,-1.888888888888888
1/11/2024,-1.3888888888888888
1/12/2024,-0.4444444444444448
1/13/2024,-0.6111111111111119
1/14/2024,0.0555555555555563
1/15/2024,1.4444444444444453
1/16/2024,2.1111111111111094
1/17/2024,-0.944444444444444
1/18/2024,5.055555555555556
1/19/2024,1.1111111111111112
1/20/2024,0.3333333333333341
1/21/2024,-0.3888888888888885
1/22/2024,-2.833333333333334
1/23/2024,2.2222222222222223
1/24/2024,4.111111111111111
1/25/2024,9.055555555555554
1/26/2024,6.222222222222224
1/27/2024,6.0555555555555545
1/28/2024,4.555555555555557
1/29/2024,2.000000000000001
1/30/2024,0.944444444444446
1/31/2024,0.8888888888888897
2/1/2024,4.111111111111111
2/2/2024,5.166666666666665
2/3/2024,9.444444444444445
2/4/2024,10.944444444444446
2/5/2024,12.166666666666666
2/6/2024,11.555555555555554
2/7/2024,10.388888888888893
2/8/2024,10.999999999999998
2/9/2024,11.277777777777777
2/10/2024,13.61111111111111
2/11/2024,10.61111111111111
2/12/2024,9.000000000000002
2/13/2024,8.499999999999998
2/14/2024,6.666666666666667
2/15/2024,8.11111111111111
2/16/2024,8.88888888888889
2/17/2024,7.388888888888887
2/18/2024,8.38888888888889
2/19/2024,6.0555555555555545
2/20/2024,9.27777777777778
2/21/2024,8.777777777777777
2/22/2024,9.444444444444445
2/23/2024,10.333333333333334
2/24/2024,11.666666666666666
2/25/2024,9.611111111111107
2/26/2024,10.999999999999998
2/27/2024,12.055555555555555
2/28/2024,12.166666666666666
2/29/2024,11.38888888888889
3/1/2024,11.555555555555554
3/2/2024,9.333333333333332
3/3/2024,10.999999999999998
3/4/2024,10.666666666666668
3/5/2024,10.72222222222222
3/6/2024,9.77777777777778
3/7/2024,6.77777777777778
3/8/2024,5.888888888888889
3/9/2024,8.0
3/10/2024,10.555555555555555
3/11/2024,11.11111111111111
3/12/2024,9.444444444444445
3/13/2024,10.77777777777778
3/14/2024,10.388888888888893
3/15/2024,10.555555555555555
3/16/2024,11.166666666666666
3/17/2024,10.0
3/18/2024,7.388888888888887
3/19/2024,5.444444444444443
3/20/2024,6.888888888888888
3/21/2024,9.166666666666666
3/22/2024,12.166666666666666
3/23/2024,12.444444444444445
3/24/2024,8.0
3/25/2024,7.11111111111111
3/26/2024,9.055555555555554
3/27/2024,13.0
3/28/2024,13.38888888888889
3/29/2024,12.72222222222222
3/30/2024,16.72222222222222
3/31/2024,17.666666666666668
4/1/2024,21.0
4/2/2024,12.27777777777778
4/3/2024,13.833333333333334
4/4/2024,14.055555555555554
4/5/2024,16.22222222222222
4/6/2024,18.33333333333333
4/7/2024,18.944444444444443
4/8/2024,18.72222222222222
4/9/2024,19.88888888888889
4/10/2024,15.444444444444445
4/11/2024,16.11111111111111
4/12/2024,16.944444444444443
4/13/2024,19.111111111111114
4/14/2024,20.55555555555556
4/15/2024,18.444444444444443
4/16/2024,9.555555555555555
4/17/2024,8.555555555555555
4/18/2024,9.000000000000002
4/19/2024,7.555555555555555
4/20/2024,9.11111111111111
4/21/2024,8.555555555555555
4/22/2024,8.777777777777777
4/23/2024,9.11111111111111
4/24/2024,8.277777777777779
4/25/2024,8.38888888888889
4/26/2024,9.666666666666666
4/27/2024,14.27777777777778
4/28/2024,17.0
4/29/2024,19.0
4/30/2024,18.77777777777778
5/1/2024,16.88888888888889
5/2/2024,16.5
5/3/2024,16.166666666666668
5/4/2024,19.05555555555556
5/5/2024,18.444444444444443
5/6/2024,18.166666666666668
5/7/2024,17.83333333333333
5/8/2024,16.666666666666668
5/9/2024,17.38888888888889
5/10/2024,15.944444444444445
5/11/2024,18.111111111111107
5/12/2024,17.11111111111111
5/13/2024,15.27777777777778
5/14/2024,17.166666666666668
5/15/2024,15.72222222222222
5/16/2024,16.77777777777778
5/17/2024,13.27777777777778
5/18/2024,16.444444444444443
5/19/2024,17.77777777777778
5/20/2024,19.72222222222222
5/21/2024,20.166666666666668
5/22/2024,18.55555555555556
5/23/2024,18.33333333333333
5/24/2024,17.61111111111111
5/25/2024,19.88888888888889
5/26/2024,19.944444444444446
5/27/2024,21.05555555555556
5/28/2024,20.33333333333333
5/29/2024,20.166666666666668
5/30/2024,20.27777777777778
5/31/2024,18.72222222222222
6/1/2024,17.11111111111111
6/2/2024,18.55555555555556
6/3/2024,18.88888888888889
6/4/2024,17.555555555555557
6/5/2024,19.05555555555556
6/6/2024,21.55555555555556
6/7/2024,22.88888888888889
6/8/2024,23.33333333333333
6/9/2024,23.05555555555556
6/10/2024,20.72222222222222
6/11/2024,19.66666666666667
6/12/2024,17.61111111111111
6/13/2024,16.944444444444443
6/14/2024,17.38888888888889
6/15/2024,19.388888888888893
6/16/2024,21.11111111111111
6/17/2024,22.0
6/18/2024,24.166666666666668
6/19/2024,25.72222222222222
6/20/2024,25.11111111111111
6/21/2024,26.333333333333336
6/22/2024,24.388888888888893
6/23/2024,23.833333333333336
6/24/2024,24.33333333333333
6/25/2024,23.61111111111111
6/26/2024,24.72222222222222
6/27/2024,23.166666666666668
6/28/2024,23.944444444444443
6/29/2024,26.166666666666664
6/30/2024,27.33333333333333
7/1/2024,24.33333333333333
7/2/2024,21.55555555555556
7/3/2024,19.388888888888893
7/4/2024,20.83333333333333
7/5/2024,22.11111111111111
7/6/2024,24.72222222222222
7/7/2024,25.500000000000004
7/8/2024,27.22222222222222
7/9/2024,28.111111111111107
7/10/2024,29.83333333333333
7/11/2024,29.33333333333333
7/12/2024,29.444444444444443
7/13/2024,28.944444444444443
7/14/2024,28.944444444444443
7/15/2024,29.38888888888889
7/16/2024,29.77777777777778
7/17/2024,28.55555555555556
7/18/2024,27.16666666666667
7/19/2024,26.77777777777778
7/20/2024,23.5
7/21/2024,24.61111111111111
7/22/2024,26.27777777777778
7/23/2024,25.444444444444443
7/24/2024,24.22222222222221
7/25/2024,21.888888888888893
7/26/2024,21.77777777777778
7/27/2024,25.05555555555556
7/28/2024,26.11111111111111
7/29/2024,22.0
7/30/2024,21.05555555555556
7/31/2024,22.666666666666668
8/1/2024,24.0
8/2/2024,22.944444444444443
8/3/2024,21.444444444444443
8/4/2024,20.666666666666668
8/5/2024,21.888888888888893
8/6/2024,20.55555555555556
8/7/2024,22.38888888888889
8/8/2024,22.83333333333333
8/9/2024,23.77777777777778
8/10/2024,24.77777777777777
8/11/2024,27.0
8/12/2024,27.27777777777777
8/13/2024,28.88888888888889
8/14/2024,29.38888888888889
8/15/2024,27.83333333333333
8/16/2024,27.88888888888889
8/17/2024,26.11111111111111
8/18/2024,25.83333333333333
8/19/2024,25.222222222222225
8/20/2024,26.55555555555556
8/21/2024,24.55555555555556
8/22/2024,21.444444444444443
8/23/2024,22.944444444444443
8/24/2024,26.166666666666664
8/25/2024,27.11111111111111
8/26/2024,27.22222222222222
8/27/2024,25.444444444444443
8/28/2024,26.5
8/29/2024,26.444444444444443
8/30/2024,26.22222222222222
8/31/2024,26.72222222222221
9/1/2024,27.22222222222222
9/2/2024,25.27777777777778
9/3/2024,26.11111111111111
9/4/2024,26.5
9/5/2024,25.611111111111107
9/6/2024,24.111111111111114
9/7/2024,24.72222222222222
9/8/2024,25.500000000000004
9/9/2024,19.22222222222221
9/10/2024,18.55555555555556
9/11/2024,18.166666666666668
9/12/2024,16.11111111111111
9/13/2024,13.444444444444446
9/14/2024,10.72222222222222
9/15/2024,11.333333333333334
9/16/2024,12.72222222222222
9/17/2024,14.333333333333334
9/18/2024,19.111111111111114
9/19/2024,17.666666666666668
9/20/2024,17.88888888888889
9/21/2024,16.61111111111111
9/22/2024,14.944444444444445
9/23/2024,15.72222222222222
9/24/2024,15.666666666666666
9/25/2024,16.27777777777778
9/26/2024,19.33333333333333
9/27/2024,19.88888888888889
9/28/2024,14.5
9/29/2024,13.333333333333334
9/30/2024,11.222222222222223
10/1/2024,9.555555555555555
10/2/2024,10.444444444444445
10/3/2024,11.166666666666666
10/4/2024,13.0
10/5/2024,12.333333333333336
10/6/2024,11.77777777777778
10/7/2024,11.38888888888889
10/8/2024,16.0
10/9/2024,16.444444444444443
10/10/2024,18.38888888888889
10/11/2024,14.88888888888889
10/12/2024,10.72222222222222
10/13/2024,12.22222222222222
10/14/2024,11.222222222222223
10/15/2024,10.0
10/16/2024,8.166666666666668
10/17/2024,10.111111111111112
10/18/2024,9.5
10/19/2024,7.833333333333333
10/20/2024,7.611111111111112
10/21/2024,7.277777777777778
10/22/2024,9.833333333333336
10/23/2024,11.77777777777778
10/24/2024,11.166666666666666
10/25/2024,10.61111111111111
10/26/2024,11.833333333333332
10/27/2024,12.555555555555555
10/28/2024,11.88888888888889
10/29/2024,10.944444444444446
10/30/2024,11.88888888888889
10/31/2024,10.88888888888889
11/1/2024,9.5
